{
  "type": "FeatureCollection",
  "generator": "overpass-turbo",
  "copyright": "The data included in this document is from www.openstreetmap.org. The data is made available under ODbL.",
  "timestamp": "2025-12-06T15:42:03Z",
  "features": [
    {
      "type": "Feature",
      "properties": {
        "@id": "node/476449543",
        "emergency": "fire_hydrant",
        "fire_hydrant:diameter": "100",
        "fire_hydrant:position": "lane",
        "fire_hydrant:type": "underground"
      },
      "geometry": {
        "type": "Point",
        "coordinates": [
          8.7963209,
          49.6650132
        ]
      },
      "id": "node/476449543"
    },
    {
      "type": "Feature",
      "properties": {
        "@id": "node/748974558",
        "emergency": "fire_hydrant",
        "fire_hydrant:type": "pillar"
      },
      "geometry": {
        "type": "Point",
        "coordinates": [
          13.2636036,
          47.834549
        ]
      },
      "id": "node/748974558"
    },
    {
      "type": "Feature",
      "properties": {
        "@id": "node/748974719",
        "emergency": "fire_hydrant",
        "fire_hydrant:type": "pillar"
      },
      "geometry": {
        "type": "Point",
        "coordinates": [
          13.2502963,
          47.8355319
        ]
      },
      "id": "node/748974719"
    },
    {
      "type": "Feature",
      "properties": {
        "@id": "node/1212439106",
        "emergency": "fire_hydrant",
        "fire_hydrant:position": "parking_lot",
        "fire_hydrant:type": "underground"
      },
      "geometry": {
        "type": "Point",
        "coordinates": [
          8.8051785,
          49.6658425
        ]
      },
      "id": "node/1212439106"
    },
    {
      "type": "Feature",
      "properties": {
        "@id": "node/1241223526",
        "emergency": "fire_hydrant",
        "fire_hydrant:diameter": "100",
        "fire_hydrant:position": "green",
        "fire_hydrant:type": "pillar"
      },
      "geometry": {
        "type": "Point",
        "coordinates": [
          8.7933257,
          49.6655518
        ]
      },
      "id": "node/1241223526"
    },
    {
      "type": "Feature",
      "properties": {
        "@id": "node/1402589179",
        "emergency": "fire_hydrant",
        "fire_hydrant:position": "green",
        "fire_hydrant:type": "pillar"
      },
      "geometry": {
        "type": "Point",
        "coordinates": [
          10.3324217,
          47.639367
        ]
      },
      "id": "node/1402589179"
    },
    {
      "type": "Feature",
      "properties": {
        "@id": "node/1421272130",
        "emergency": "fire_hydrant"
      },
      "geometry": {
        "type": "Point",
        "coordinates": [
          10.3611505,
          47.6410183
        ]
      },
      "id": "node/1421272130"
    },
    {
      "type": "Feature",
      "properties": {
        "@id": "node/1604495668",
        "colour": "red",
        "couplings": "3",
        "emergency": "fire_hydrant",
        "fire_hydrant:position": "green",
        "fire_hydrant:type": "pillar"
      },
      "geometry": {
        "type": "Point",
        "coordinates": [
          9.1905815,
          47.6903639
        ]
      },
      "id": "node/1604495668"
    },
    {
      "type": "Feature",
      "properties": {
        "@id": "node/1604496537",
        "colour": "red",
        "couplings": "3",
        "emergency": "fire_hydrant",
        "fire_hydrant:position": "green",
        "fire_hydrant:type": "pillar"
      },
      "geometry": {
        "type": "Point",
        "coordinates": [
          9.19037,
          47.6892906
        ]
      },
      "id": "node/1604496537"
    },
    {
      "type": "Feature",
      "properties": {
        "@id": "node/1613581965",
        "emergency": "fire_hydrant",
        "fire_hydrant:type": "pillar"
      },
      "geometry": {
        "type": "Point",
        "coordinates": [
          13.2561614,
          47.8355375
        ]
      },
      "id": "node/1613581965"
    },
    {
      "type": "Feature",
      "properties": {
        "@id": "node/1718442277",
        "emergency": "fire_hydrant",
        "fire_hydrant:diameter": "100",
        "fire_hydrant:position": "lane",
        "fire_hydrant:type": "underground"
      },
      "geometry": {
        "type": "Point",
        "coordinates": [
          8.7991453,
          49.6679116
        ]
      },
      "id": "node/1718442277"
    },
    {
      "type": "Feature",
      "properties": {
        "@id": "node/1905854200",
        "emergency": "fire_hydrant",
        "fire_hydrant:position": "green",
        "fire_hydrant:type": "pillar",
        "source": "survey"
      },
      "geometry": {
        "type": "Point",
        "coordinates": [
          9.9917955,
          47.4563314
        ]
      },
      "id": "node/1905854200"
    },
    {
      "type": "Feature",
      "properties": {
        "@id": "node/1905854204",
        "emergency": "fire_hydrant",
        "fire_hydrant:type": "pillar",
        "source": "survey"
      },
      "geometry": {
        "type": "Point",
        "coordinates": [
          9.9645777,
          47.4565862
        ]
      },
      "id": "node/1905854204"
    },
    {
      "type": "Feature",
      "properties": {
        "@id": "node/1905854212",
        "emergency": "fire_hydrant",
        "fire_hydrant:type": "pillar",
        "source": "survey"
      },
      "geometry": {
        "type": "Point",
        "coordinates": [
          9.9578557,
          47.4577095
        ]
      },
      "id": "node/1905854212"
    },
    {
      "type": "Feature",
      "properties": {
        "@id": "node/1905854214",
        "emergency": "fire_hydrant",
        "fire_hydrant:type": "pillar",
        "source": "survey"
      },
      "geometry": {
        "type": "Point",
        "coordinates": [
          9.9499414,
          47.4579684
        ]
      },
      "id": "node/1905854214"
    },
    {
      "type": "Feature",
      "properties": {
        "@id": "node/1905854215",
        "emergency": "fire_hydrant",
        "fire_hydrant:type": "pillar",
        "source": "survey"
      },
      "geometry": {
        "type": "Point",
        "coordinates": [
          9.9514753,
          47.458487
        ]
      },
      "id": "node/1905854215"
    },
    {
      "type": "Feature",
      "properties": {
        "@id": "node/1909717414",
        "emergency": "fire_hydrant",
        "fire_hydrant:type": "pillar",
        "note": "05-SEP-12 16:11:53"
      },
      "geometry": {
        "type": "Point",
        "coordinates": [
          9.922283,
          47.4448314
        ]
      },
      "id": "node/1909717414"
    },
    {
      "type": "Feature",
      "properties": {
        "@id": "node/1909717427",
        "emergency": "fire_hydrant",
        "fire_hydrant:position": "green",
        "fire_hydrant:type": "pillar",
        "note": "05-SEP-12 16:13:54"
      },
      "geometry": {
        "type": "Point",
        "coordinates": [
          9.9201421,
          47.4486621
        ]
      },
      "id": "node/1909717427"
    },
    {
      "type": "Feature",
      "properties": {
        "@id": "node/1909717431",
        "emergency": "fire_hydrant",
        "fire_hydrant:type": "pillar",
        "note": "05-SEP-12 16:20:36",
        "source": "survey"
      },
      "geometry": {
        "type": "Point",
        "coordinates": [
          9.9275854,
          47.4511267
        ]
      },
      "id": "node/1909717431"
    },
    {
      "type": "Feature",
      "properties": {
        "@id": "node/1909718989",
        "emergency": "fire_hydrant",
        "fire_hydrant:type": "pillar",
        "note": "05-SEP-12 15:39:35"
      },
      "geometry": {
        "type": "Point",
        "coordinates": [
          9.90222,
          47.4307136
        ]
      },
      "id": "node/1909718989"
    },
    {
      "type": "Feature",
      "properties": {
        "@id": "node/2761499501",
        "emergency": "fire_hydrant",
        "fire_hydrant:type": "pillar",
        "ref": "243"
      },
      "geometry": {
        "type": "Point",
        "coordinates": [
          8.6901034,
          47.3015274
        ]
      },
      "id": "node/2761499501"
    },
    {
      "type": "Feature",
      "properties": {
        "@id": "node/3468092810",
        "emergency": "fire_hydrant",
        "fire_hydrant:diameter": "75",
        "fire_hydrant:position": "lane",
        "fire_hydrant:type": "pillar",
        "ref": "259"
      },
      "geometry": {
        "type": "Point",
        "coordinates": [
          8.6895677,
          47.301195
        ]
      },
      "id": "node/3468092810"
    },
    {
      "type": "Feature",
      "properties": {
        "@id": "node/3468092837",
        "emergency": "fire_hydrant",
        "ref": "260"
      },
      "geometry": {
        "type": "Point",
        "coordinates": [
          8.6889452,
          47.3021999
        ]
      },
      "id": "node/3468092837"
    },
    {
      "type": "Feature",
      "properties": {
        "@id": "node/3575556394",
        "emergency": "fire_hydrant",
        "fire_hydrant:position": "sidewalk",
        "fire_hydrant:type": "pillar"
      },
      "geometry": {
        "type": "Point",
        "coordinates": [
          9.8307995,
          47.4506627
        ]
      },
      "id": "node/3575556394"
    },
    {
      "type": "Feature",
      "properties": {
        "@id": "node/4614161554",
        "emergency": "fire_hydrant",
        "fire_hydrant:diameter": "100",
        "fire_hydrant:position": "parking_lot",
        "fire_hydrant:type": "underground"
      },
      "geometry": {
        "type": "Point",
        "coordinates": [
          8.7960798,
          49.6641923
        ]
      },
      "id": "node/4614161554"
    },
    {
      "type": "Feature",
      "properties": {
        "@id": "node/4614166827",
        "emergency": "fire_hydrant",
        "fire_hydrant:diameter": "100",
        "fire_hydrant:position": "parking_lot",
        "fire_hydrant:type": "pillar"
      },
      "geometry": {
        "type": "Point",
        "coordinates": [
          8.8051692,
          49.6658397
        ]
      },
      "id": "node/4614166827"
    },
    {
      "type": "Feature",
      "properties": {
        "@id": "node/4690239717",
        "emergency": "fire_hydrant",
        "fire_hydrant:diameter": "100",
        "fire_hydrant:position": "lane",
        "fire_hydrant:type": "underground"
      },
      "geometry": {
        "type": "Point",
        "coordinates": [
          8.7949929,
          49.6639771
        ]
      },
      "id": "node/4690239717"
    },
    {
      "type": "Feature",
      "properties": {
        "@id": "node/4690239718",
        "emergency": "fire_hydrant",
        "fire_hydrant:diameter": "100",
        "fire_hydrant:position": "lane",
        "fire_hydrant:type": "underground"
      },
      "geometry": {
        "type": "Point",
        "coordinates": [
          8.7943719,
          49.6632268
        ]
      },
      "id": "node/4690239718"
    },
    {
      "type": "Feature",
      "properties": {
        "@id": "node/4690239719",
        "emergency": "fire_hydrant",
        "fire_hydrant:diameter": "100",
        "fire_hydrant:position": "lane",
        "fire_hydrant:type": "underground"
      },
      "geometry": {
        "type": "Point",
        "coordinates": [
          8.796066,
          49.6634902
        ]
      },
      "id": "node/4690239719"
    },
    {
      "type": "Feature",
      "properties": {
        "@id": "node/4690239720",
        "emergency": "fire_hydrant",
        "fire_hydrant:diameter": "80",
        "fire_hydrant:position": "sidewalk",
        "fire_hydrant:type": "underground"
      },
      "geometry": {
        "type": "Point",
        "coordinates": [
          8.7970753,
          49.6642592
        ]
      },
      "id": "node/4690239720"
    },
    {
      "type": "Feature",
      "properties": {
        "@id": "node/4712867764",
        "emergency": "fire_hydrant",
        "fire_hydrant:type": "pillar"
      },
      "geometry": {
        "type": "Point",
        "coordinates": [
          10.0375427,
          47.4258619
        ]
      },
      "id": "node/4712867764"
    },
    {
      "type": "Feature",
      "properties": {
        "@id": "node/4712867885",
        "emergency": "fire_hydrant",
        "fire_hydrant:type": "pillar"
      },
      "geometry": {
        "type": "Point",
        "coordinates": [
          10.0276255,
          47.4344359
        ]
      },
      "id": "node/4712867885"
    },
    {
      "type": "Feature",
      "properties": {
        "@id": "node/4712867908",
        "emergency": "fire_hydrant",
        "fire_hydrant:type": "pillar"
      },
      "geometry": {
        "type": "Point",
        "coordinates": [
          10.023019,
          47.4360052
        ]
      },
      "id": "node/4712867908"
    },
    {
      "type": "Feature",
      "properties": {
        "@id": "node/4712954925",
        "emergency": "fire_hydrant",
        "fire_hydrant:type": "pillar"
      },
      "geometry": {
        "type": "Point",
        "coordinates": [
          10.0141854,
          47.438903
        ]
      },
      "id": "node/4712954925"
    },
    {
      "type": "Feature",
      "properties": {
        "@id": "node/4716577199",
        "emergency": "fire_hydrant",
        "fire_hydrant:diameter": "100",
        "fire_hydrant:position": "sidewalk",
        "fire_hydrant:type": "underground"
      },
      "geometry": {
        "type": "Point",
        "coordinates": [
          8.7984938,
          49.6640338
        ]
      },
      "id": "node/4716577199"
    },
    {
      "type": "Feature",
      "properties": {
        "@id": "node/4716578622",
        "emergency": "fire_hydrant",
        "fire_hydrant:diameter": "100",
        "fire_hydrant:position": "lane",
        "fire_hydrant:type": "underground"
      },
      "geometry": {
        "type": "Point",
        "coordinates": [
          8.8000381,
          49.6647877
        ]
      },
      "id": "node/4716578622"
    },
    {
      "type": "Feature",
      "properties": {
        "@id": "node/4716580604",
        "emergency": "fire_hydrant",
        "fire_hydrant:diameter": "125",
        "fire_hydrant:position": "lane",
        "fire_hydrant:type": "underground"
      },
      "geometry": {
        "type": "Point",
        "coordinates": [
          8.8012612,
          49.6651158
        ]
      },
      "id": "node/4716580604"
    },
    {
      "type": "Feature",
      "properties": {
        "@id": "node/4716581351",
        "emergency": "fire_hydrant",
        "fire_hydrant:diameter": "100",
        "fire_hydrant:position": "lane",
        "fire_hydrant:type": "underground"
      },
      "geometry": {
        "type": "Point",
        "coordinates": [
          8.802801,
          49.6655666
        ]
      },
      "id": "node/4716581351"
    },
    {
      "type": "Feature",
      "properties": {
        "@id": "node/4716581459",
        "emergency": "fire_hydrant",
        "fire_hydrant:diameter": "100",
        "fire_hydrant:position": "lane",
        "fire_hydrant:type": "underground"
      },
      "geometry": {
        "type": "Point",
        "coordinates": [
          8.8021648,
          49.6653831
        ]
      },
      "id": "node/4716581459"
    },
    {
      "type": "Feature",
      "properties": {
        "@id": "node/4716586564",
        "emergency": "fire_hydrant",
        "fire_hydrant:diameter": "100",
        "fire_hydrant:position": "lane",
        "fire_hydrant:type": "underground"
      },
      "geometry": {
        "type": "Point",
        "coordinates": [
          8.8045858,
          49.6660442
        ]
      },
      "id": "node/4716586564"
    },
    {
      "type": "Feature",
      "properties": {
        "@id": "node/4726579077",
        "emergency": "fire_hydrant",
        "fire_hydrant:diameter": "100",
        "fire_hydrant:position": "sidewalk",
        "fire_hydrant:type": "underground"
      },
      "geometry": {
        "type": "Point",
        "coordinates": [
          8.7943786,
          49.6643727
        ]
      },
      "id": "node/4726579077"
    },
    {
      "type": "Feature",
      "properties": {
        "@id": "node/4726580943",
        "emergency": "fire_hydrant",
        "fire_hydrant:diameter:signed": "no",
        "fire_hydrant:position": "sidewalk",
        "fire_hydrant:type": "underground"
      },
      "geometry": {
        "type": "Point",
        "coordinates": [
          8.7945476,
          49.6648189
        ]
      },
      "id": "node/4726580943"
    },
    {
      "type": "Feature",
      "properties": {
        "@id": "node/4726584359",
        "emergency": "fire_hydrant",
        "fire_hydrant:diameter": "100",
        "fire_hydrant:position": "lane",
        "fire_hydrant:type": "underground"
      },
      "geometry": {
        "type": "Point",
        "coordinates": [
          8.7959021,
          49.6658779
        ]
      },
      "id": "node/4726584359"
    },
    {
      "type": "Feature",
      "properties": {
        "@id": "node/4767738569",
        "emergency": "fire_hydrant",
        "fire_hydrant:diameter": "100",
        "fire_hydrant:position": "sidewalk",
        "fire_hydrant:type": "underground"
      },
      "geometry": {
        "type": "Point",
        "coordinates": [
          8.7997231,
          49.6643426
        ]
      },
      "id": "node/4767738569"
    },
    {
      "type": "Feature",
      "properties": {
        "@id": "node/4767738570",
        "emergency": "fire_hydrant",
        "fire_hydrant:position": "sidewalk",
        "fire_hydrant:type": "underground"
      },
      "geometry": {
        "type": "Point",
        "coordinates": [
          8.80331,
          49.6653118
        ]
      },
      "id": "node/4767738570"
    },
    {
      "type": "Feature",
      "properties": {
        "@id": "node/4824953528",
        "emergency": "fire_hydrant",
        "fire_hydrant:diameter": "100",
        "fire_hydrant:position": "lane",
        "fire_hydrant:type": "underground"
      },
      "geometry": {
        "type": "Point",
        "coordinates": [
          8.7938907,
          49.6656837
        ]
      },
      "id": "node/4824953528"
    },
    {
      "type": "Feature",
      "properties": {
        "@id": "node/4824954926",
        "emergency": "fire_hydrant",
        "fire_hydrant:diameter": "100",
        "fire_hydrant:position": "lane",
        "fire_hydrant:type": "underground"
      },
      "geometry": {
        "type": "Point",
        "coordinates": [
          8.807736,
          49.6671261
        ]
      },
      "id": "node/4824954926"
    },
    {
      "type": "Feature",
      "properties": {
        "@id": "node/4824961683",
        "emergency": "fire_hydrant",
        "fire_hydrant:diameter": "100",
        "fire_hydrant:position": "lane",
        "fire_hydrant:type": "underground"
      },
      "geometry": {
        "type": "Point",
        "coordinates": [
          8.8057405,
          49.6666869
        ]
      },
      "id": "node/4824961683"
    },
    {
      "type": "Feature",
      "properties": {
        "@id": "node/4825290549",
        "emergency": "fire_hydrant",
        "fire_hydrant:diameter:signed": "no",
        "fire_hydrant:position": "lane",
        "fire_hydrant:type": "underground"
      },
      "geometry": {
        "type": "Point",
        "coordinates": [
          8.7951943,
          49.6633031
        ]
      },
      "id": "node/4825290549"
    },
    {
      "type": "Feature",
      "properties": {
        "@id": "node/4825291426",
        "emergency": "fire_hydrant",
        "fire_hydrant:diameter": "80",
        "fire_hydrant:position": "lane",
        "fire_hydrant:type": "underground"
      },
      "geometry": {
        "type": "Point",
        "coordinates": [
          8.8016921,
          49.6644505
        ]
      },
      "id": "node/4825291426"
    },
    {
      "type": "Feature",
      "properties": {
        "@id": "node/4825291688",
        "emergency": "fire_hydrant",
        "fire_hydrant:diameter": "100",
        "fire_hydrant:position": "sidewalk",
        "fire_hydrant:type": "underground"
      },
      "geometry": {
        "type": "Point",
        "coordinates": [
          8.7973813,
          49.6640252
        ]
      },
      "id": "node/4825291688"
    },
    {
      "type": "Feature",
      "properties": {
        "@id": "node/4825293484",
        "emergency": "fire_hydrant",
        "fire_hydrant:diameter:signed": "no",
        "fire_hydrant:position": "lane",
        "fire_hydrant:type": "underground"
      },
      "geometry": {
        "type": "Point",
        "coordinates": [
          8.7982578,
          49.6638376
        ]
      },
      "id": "node/4825293484"
    },
    {
      "type": "Feature",
      "properties": {
        "@id": "node/4825293696",
        "emergency": "fire_hydrant",
        "fire_hydrant:diameter": "80",
        "fire_hydrant:position": "lane",
        "fire_hydrant:type": "underground"
      },
      "geometry": {
        "type": "Point",
        "coordinates": [
          8.7989186,
          49.6636587
        ]
      },
      "id": "node/4825293696"
    },
    {
      "type": "Feature",
      "properties": {
        "@id": "node/4825293940",
        "emergency": "fire_hydrant",
        "fire_hydrant:position": "lane",
        "fire_hydrant:type": "underground"
      },
      "geometry": {
        "type": "Point",
        "coordinates": [
          8.7998727,
          49.6639048
        ]
      },
      "id": "node/4825293940"
    },
    {
      "type": "Feature",
      "properties": {
        "@id": "node/4825296139",
        "emergency": "fire_hydrant",
        "fire_hydrant:diameter:signed": "no",
        "fire_hydrant:position": "sidewalk",
        "fire_hydrant:type": "underground"
      },
      "geometry": {
        "type": "Point",
        "coordinates": [
          8.8004799,
          49.6644314
        ]
      },
      "id": "node/4825296139"
    },
    {
      "type": "Feature",
      "properties": {
        "@id": "node/4825296629",
        "emergency": "fire_hydrant",
        "fire_hydrant:diameter": "100",
        "fire_hydrant:position": "sidewalk",
        "fire_hydrant:type": "underground"
      },
      "geometry": {
        "type": "Point",
        "coordinates": [
          8.8022844,
          49.6649395
        ]
      },
      "id": "node/4825296629"
    },
    {
      "type": "Feature",
      "properties": {
        "@id": "node/4825296630",
        "emergency": "fire_hydrant",
        "fire_hydrant:diameter": "80",
        "fire_hydrant:position": "lane",
        "fire_hydrant:type": "underground"
      },
      "geometry": {
        "type": "Point",
        "coordinates": [
          8.802447,
          49.6647002
        ]
      },
      "id": "node/4825296630"
    },
    {
      "type": "Feature",
      "properties": {
        "@id": "node/4825298862",
        "emergency": "fire_hydrant",
        "fire_hydrant:diameter": "100",
        "fire_hydrant:position": "lane",
        "fire_hydrant:type": "underground"
      },
      "geometry": {
        "type": "Point",
        "coordinates": [
          8.8003932,
          49.6648661
        ]
      },
      "id": "node/4825298862"
    },
    {
      "type": "Feature",
      "properties": {
        "@id": "node/4825298875",
        "emergency": "fire_hydrant",
        "fire_hydrant:diameter": "80",
        "fire_hydrant:position": "sidewalk",
        "fire_hydrant:type": "underground"
      },
      "geometry": {
        "type": "Point",
        "coordinates": [
          8.7986871,
          49.6652071
        ]
      },
      "id": "node/4825298875"
    },
    {
      "type": "Feature",
      "properties": {
        "@id": "node/4825298890",
        "emergency": "fire_hydrant",
        "fire_hydrant:diameter": "80",
        "fire_hydrant:position": "parking_lot",
        "fire_hydrant:type": "underground"
      },
      "geometry": {
        "type": "Point",
        "coordinates": [
          8.7996853,
          49.6656853
        ]
      },
      "id": "node/4825298890"
    },
    {
      "type": "Feature",
      "properties": {
        "@id": "node/4825301047",
        "emergency": "fire_hydrant",
        "fire_hydrant:diameter": "100",
        "fire_hydrant:position": "green",
        "fire_hydrant:type": "underground"
      },
      "geometry": {
        "type": "Point",
        "coordinates": [
          8.8000917,
          49.6659005
        ]
      },
      "id": "node/4825301047"
    },
    {
      "type": "Feature",
      "properties": {
        "@id": "node/4825684729",
        "emergency": "fire_hydrant",
        "fire_hydrant:diameter": "100",
        "fire_hydrant:position": "lane",
        "fire_hydrant:type": "underground"
      },
      "geometry": {
        "type": "Point",
        "coordinates": [
          8.8036052,
          49.6689735
        ]
      },
      "id": "node/4825684729"
    },
    {
      "type": "Feature",
      "properties": {
        "@id": "node/4827284212",
        "emergency": "fire_hydrant",
        "fire_hydrant:diameter": "100",
        "fire_hydrant:position": "sidewalk",
        "fire_hydrant:type": "underground"
      },
      "geometry": {
        "type": "Point",
        "coordinates": [
          8.8098074,
          49.6669675
        ]
      },
      "id": "node/4827284212"
    },
    {
      "type": "Feature",
      "properties": {
        "@id": "node/4827288172",
        "emergency": "fire_hydrant",
        "fire_hydrant:position": "parking_lot",
        "fire_hydrant:type": "underground"
      },
      "geometry": {
        "type": "Point",
        "coordinates": [
          8.8106528,
          49.6670539
        ]
      },
      "id": "node/4827288172"
    },
    {
      "type": "Feature",
      "properties": {
        "@id": "node/4827302932",
        "emergency": "fire_hydrant",
        "fire_hydrant:diameter": "100",
        "fire_hydrant:position": "sidewalk",
        "fire_hydrant:type": "underground"
      },
      "geometry": {
        "type": "Point",
        "coordinates": [
          8.7968909,
          49.6638166
        ]
      },
      "id": "node/4827302932"
    },
    {
      "type": "Feature",
      "properties": {
        "@id": "node/4827303196",
        "emergency": "fire_hydrant",
        "fire_hydrant:diameter": "80",
        "fire_hydrant:position": "lane",
        "fire_hydrant:type": "underground"
      },
      "geometry": {
        "type": "Point",
        "coordinates": [
          8.7933379,
          49.6663367
        ]
      },
      "id": "node/4827303196"
    },
    {
      "type": "Feature",
      "properties": {
        "@id": "node/4827303599",
        "emergency": "fire_hydrant",
        "fire_hydrant:diameter": "100",
        "fire_hydrant:position": "lane",
        "fire_hydrant:type": "underground"
      },
      "geometry": {
        "type": "Point",
        "coordinates": [
          8.7960512,
          49.6654577
        ]
      },
      "id": "node/4827303599"
    },
    {
      "type": "Feature",
      "properties": {
        "@id": "node/4827304545",
        "emergency": "fire_hydrant",
        "fire_hydrant:diameter": "100",
        "fire_hydrant:position": "lane",
        "fire_hydrant:type": "underground"
      },
      "geometry": {
        "type": "Point",
        "coordinates": [
          8.7960042,
          49.6655802
        ]
      },
      "id": "node/4827304545"
    },
    {
      "type": "Feature",
      "properties": {
        "@id": "node/4827305062",
        "emergency": "fire_hydrant",
        "fire_hydrant:diameter": "100",
        "fire_hydrant:position": "lane",
        "fire_hydrant:type": "underground"
      },
      "geometry": {
        "type": "Point",
        "coordinates": [
          8.7972383,
          49.6661327
        ]
      },
      "id": "node/4827305062"
    },
    {
      "type": "Feature",
      "properties": {
        "@id": "node/4827306326",
        "emergency": "fire_hydrant",
        "fire_hydrant:diameter": "100",
        "fire_hydrant:position": "lane",
        "fire_hydrant:type": "underground"
      },
      "geometry": {
        "type": "Point",
        "coordinates": [
          8.7982994,
          49.6663377
        ]
      },
      "id": "node/4827306326"
    },
    {
      "type": "Feature",
      "properties": {
        "@id": "node/4827306576",
        "emergency": "fire_hydrant",
        "fire_hydrant:diameter": "100",
        "fire_hydrant:position": "lane",
        "fire_hydrant:type": "underground"
      },
      "geometry": {
        "type": "Point",
        "coordinates": [
          8.7992237,
          49.6667933
        ]
      },
      "id": "node/4827306576"
    },
    {
      "type": "Feature",
      "properties": {
        "@id": "node/4827308087",
        "emergency": "fire_hydrant",
        "fire_hydrant:diameter": "100",
        "fire_hydrant:position": "lane",
        "fire_hydrant:type": "underground"
      },
      "geometry": {
        "type": "Point",
        "coordinates": [
          8.7994245,
          49.6675545
        ]
      },
      "id": "node/4827308087"
    },
    {
      "type": "Feature",
      "properties": {
        "@id": "node/4827308634",
        "emergency": "fire_hydrant",
        "fire_hydrant:position": "parking_lot",
        "fire_hydrant:type": "underground"
      },
      "geometry": {
        "type": "Point",
        "coordinates": [
          8.7977997,
          49.6690259
        ]
      },
      "id": "node/4827308634"
    },
    {
      "type": "Feature",
      "properties": {
        "@id": "node/4827309884",
        "emergency": "fire_hydrant",
        "fire_hydrant:position": "lane",
        "fire_hydrant:type": "underground"
      },
      "geometry": {
        "type": "Point",
        "coordinates": [
          8.7972847,
          49.6694555
        ]
      },
      "id": "node/4827309884"
    },
    {
      "type": "Feature",
      "properties": {
        "@id": "node/4827310859",
        "emergency": "fire_hydrant",
        "fire_hydrant:position": "sidewalk",
        "fire_hydrant:type": "underground"
      },
      "geometry": {
        "type": "Point",
        "coordinates": [
          8.7981498,
          49.6680399
        ]
      },
      "id": "node/4827310859"
    },
    {
      "type": "Feature",
      "properties": {
        "@id": "node/4827311005",
        "emergency": "fire_hydrant",
        "fire_hydrant:diameter": "100",
        "fire_hydrant:position": "lane",
        "fire_hydrant:type": "underground"
      },
      "geometry": {
        "type": "Point",
        "coordinates": [
          8.7983627,
          49.6675314
        ]
      },
      "id": "node/4827311005"
    },
    {
      "type": "Feature",
      "properties": {
        "@id": "node/4827311361",
        "emergency": "fire_hydrant",
        "fire_hydrant:diameter": "100",
        "fire_hydrant:position": "lane",
        "fire_hydrant:type": "underground"
      },
      "geometry": {
        "type": "Point",
        "coordinates": [
          8.7974278,
          49.666837
        ]
      },
      "id": "node/4827311361"
    },
    {
      "type": "Feature",
      "properties": {
        "@id": "node/4827311816",
        "emergency": "fire_hydrant",
        "fire_hydrant:position": "lane",
        "fire_hydrant:type": "underground"
      },
      "geometry": {
        "type": "Point",
        "coordinates": [
          8.7941322,
          49.6662875
        ]
      },
      "id": "node/4827311816"
    },
    {
      "type": "Feature",
      "properties": {
        "@id": "node/4827311831",
        "emergency": "fire_hydrant",
        "fire_hydrant:diameter": "100",
        "fire_hydrant:position": "lane",
        "fire_hydrant:type": "underground"
      },
      "geometry": {
        "type": "Point",
        "coordinates": [
          8.7964034,
          49.6669228
        ]
      },
      "id": "node/4827311831"
    },
    {
      "type": "Feature",
      "properties": {
        "@id": "node/4827312094",
        "emergency": "fire_hydrant",
        "fire_hydrant:diameter": "100",
        "fire_hydrant:position": "lane",
        "fire_hydrant:type": "underground"
      },
      "geometry": {
        "type": "Point",
        "coordinates": [
          8.794819,
          49.6670416
        ]
      },
      "id": "node/4827312094"
    },
    {
      "type": "Feature",
      "properties": {
        "@id": "node/4827312691",
        "emergency": "fire_hydrant",
        "fire_hydrant:diameter": "100",
        "fire_hydrant:position": "lane",
        "fire_hydrant:type": "underground"
      },
      "geometry": {
        "type": "Point",
        "coordinates": [
          8.795356,
          49.6660178
        ]
      },
      "id": "node/4827312691"
    },
    {
      "type": "Feature",
      "properties": {
        "@id": "node/4827314273",
        "emergency": "fire_hydrant",
        "fire_hydrant:diameter": "100",
        "fire_hydrant:position": "lane",
        "fire_hydrant:type": "underground"
      },
      "geometry": {
        "type": "Point",
        "coordinates": [
          8.7934774,
          49.6655354
        ]
      },
      "id": "node/4827314273"
    },
    {
      "type": "Feature",
      "properties": {
        "@id": "node/4827314644",
        "emergency": "fire_hydrant",
        "fire_hydrant:diameter": "100",
        "fire_hydrant:position": "lane",
        "fire_hydrant:type": "underground"
      },
      "geometry": {
        "type": "Point",
        "coordinates": [
          8.7943403,
          49.6658608
        ]
      },
      "id": "node/4827314644"
    },
    {
      "type": "Feature",
      "properties": {
        "@id": "node/4827315058",
        "emergency": "fire_hydrant",
        "fire_hydrant:diameter:signed": "no",
        "fire_hydrant:position": "lane",
        "fire_hydrant:type": "underground"
      },
      "geometry": {
        "type": "Point",
        "coordinates": [
          8.7932819,
          49.6666762
        ]
      },
      "id": "node/4827315058"
    },
    {
      "type": "Feature",
      "properties": {
        "@id": "node/4827316337",
        "emergency": "fire_hydrant",
        "fire_hydrant:diameter": "80",
        "fire_hydrant:position": "lane",
        "fire_hydrant:type": "underground"
      },
      "geometry": {
        "type": "Point",
        "coordinates": [
          8.7928023,
          49.6650738
        ]
      },
      "id": "node/4827316337"
    },
    {
      "type": "Feature",
      "properties": {
        "@id": "node/4827316590",
        "emergency": "fire_hydrant",
        "fire_hydrant:diameter": "100",
        "fire_hydrant:position": "lane",
        "fire_hydrant:type": "underground"
      },
      "geometry": {
        "type": "Point",
        "coordinates": [
          8.7930947,
          49.6643995
        ]
      },
      "id": "node/4827316590"
    },
    {
      "type": "Feature",
      "properties": {
        "@id": "node/4827318306",
        "emergency": "fire_hydrant",
        "fire_hydrant:diameter": "100",
        "fire_hydrant:position": "lane",
        "fire_hydrant:type": "underground"
      },
      "geometry": {
        "type": "Point",
        "coordinates": [
          8.7933487,
          49.6640082
        ]
      },
      "id": "node/4827318306"
    },
    {
      "type": "Feature",
      "properties": {
        "@id": "node/4827319563",
        "emergency": "fire_hydrant",
        "fire_hydrant:diameter": "80",
        "fire_hydrant:position": "lane",
        "fire_hydrant:type": "underground"
      },
      "geometry": {
        "type": "Point",
        "coordinates": [
          8.7938932,
          49.6641818
        ]
      },
      "id": "node/4827319563"
    },
    {
      "type": "Feature",
      "properties": {
        "@id": "node/4827324968",
        "emergency": "fire_hydrant",
        "fire_hydrant:diameter": "100",
        "fire_hydrant:position": "lane",
        "fire_hydrant:type": "underground"
      },
      "geometry": {
        "type": "Point",
        "coordinates": [
          8.7945422,
          49.6643827
        ]
      },
      "id": "node/4827324968"
    },
    {
      "type": "Feature",
      "properties": {
        "@id": "node/4827325610",
        "emergency": "fire_hydrant",
        "fire_hydrant:diameter": "100",
        "fire_hydrant:position": "lane",
        "fire_hydrant:type": "underground"
      },
      "geometry": {
        "type": "Point",
        "coordinates": [
          8.7922585,
          49.6634949
        ]
      },
      "id": "node/4827325610"
    },
    {
      "type": "Feature",
      "properties": {
        "@id": "node/4827325633",
        "emergency": "fire_hydrant",
        "fire_hydrant:diameter": "100",
        "fire_hydrant:position": "lane",
        "fire_hydrant:type": "underground"
      },
      "geometry": {
        "type": "Point",
        "coordinates": [
          8.7919225,
          49.6631929
        ]
      },
      "id": "node/4827325633"
    },
    {
      "type": "Feature",
      "properties": {
        "@id": "node/4827330249",
        "emergency": "fire_hydrant",
        "fire_hydrant:diameter:signed": "no",
        "fire_hydrant:position": "green",
        "fire_hydrant:type": "pillar"
      },
      "geometry": {
        "type": "Point",
        "coordinates": [
          8.7920719,
          49.6666696
        ]
      },
      "id": "node/4827330249"
    },
    {
      "type": "Feature",
      "properties": {
        "@id": "node/4827337198",
        "emergency": "fire_hydrant",
        "fire_hydrant:position": "lane",
        "fire_hydrant:type": "underground"
      },
      "geometry": {
        "type": "Point",
        "coordinates": [
          8.8021109,
          49.665984
        ]
      },
      "id": "node/4827337198"
    },
    {
      "type": "Feature",
      "properties": {
        "@id": "node/4827337212",
        "emergency": "fire_hydrant",
        "fire_hydrant:diameter": "80",
        "fire_hydrant:position": "lane",
        "fire_hydrant:type": "underground"
      },
      "geometry": {
        "type": "Point",
        "coordinates": [
          8.8020642,
          49.667344
        ]
      },
      "id": "node/4827337212"
    },
    {
      "type": "Feature",
      "properties": {
        "@id": "node/4827337351",
        "emergency": "fire_hydrant",
        "fire_hydrant:position": "lane",
        "fire_hydrant:type": "underground"
      },
      "geometry": {
        "type": "Point",
        "coordinates": [
          8.8013253,
          49.6657809
        ]
      },
      "id": "node/4827337351"
    },
    {
      "type": "Feature",
      "properties": {
        "@id": "node/4827337525",
        "emergency": "fire_hydrant",
        "fire_hydrant:position": "lane",
        "fire_hydrant:type": "underground"
      },
      "geometry": {
        "type": "Point",
        "coordinates": [
          8.8006952,
          49.6656935
        ]
      },
      "id": "node/4827337525"
    },
    {
      "type": "Feature",
      "properties": {
        "@id": "node/4827338275",
        "emergency": "fire_hydrant",
        "fire_hydrant:diameter": "100",
        "fire_hydrant:position": "lane",
        "fire_hydrant:type": "underground"
      },
      "geometry": {
        "type": "Point",
        "coordinates": [
          8.8004015,
          49.6671131
        ]
      },
      "id": "node/4827338275"
    },
    {
      "type": "Feature",
      "properties": {
        "@id": "node/4827338496",
        "emergency": "fire_hydrant",
        "fire_hydrant:position": "lane",
        "fire_hydrant:type": "underground"
      },
      "geometry": {
        "type": "Point",
        "coordinates": [
          8.8017165,
          49.6662603
        ]
      },
      "id": "node/4827338496"
    },
    {
      "type": "Feature",
      "properties": {
        "@id": "node/4827340208",
        "emergency": "fire_hydrant",
        "fire_hydrant:position": "sidewalk",
        "fire_hydrant:type": "underground"
      },
      "geometry": {
        "type": "Point",
        "coordinates": [
          8.8020703,
          49.6668147
        ]
      },
      "id": "node/4827340208"
    },
    {
      "type": "Feature",
      "properties": {
        "@id": "node/4827342813",
        "emergency": "fire_hydrant",
        "fire_hydrant:diameter": "80",
        "fire_hydrant:position": "lane",
        "fire_hydrant:type": "underground"
      },
      "geometry": {
        "type": "Point",
        "coordinates": [
          8.8030907,
          49.6683848
        ]
      },
      "id": "node/4827342813"
    },
    {
      "type": "Feature",
      "properties": {
        "@id": "node/4827348453",
        "emergency": "fire_hydrant",
        "fire_hydrant:diameter": "200",
        "fire_hydrant:position": "lane",
        "fire_hydrant:type": "underground"
      },
      "geometry": {
        "type": "Point",
        "coordinates": [
          8.8002983,
          49.667074
        ]
      },
      "id": "node/4827348453"
    },
    {
      "type": "Feature",
      "properties": {
        "@id": "node/5613995848",
        "emergency": "fire_hydrant",
        "fire_hydrant:diameter": "80",
        "fire_hydrant:position": "lane",
        "fire_hydrant:type": "underground",
        "source": "survey"
      },
      "geometry": {
        "type": "Point",
        "coordinates": [
          9.1927171,
          47.6922345
        ]
      },
      "id": "node/5613995848"
    },
    {
      "type": "Feature",
      "properties": {
        "@id": "node/5613995849",
        "emergency": "fire_hydrant",
        "fire_hydrant:diameter": "100",
        "fire_hydrant:position": "sidewalk",
        "fire_hydrant:type": "underground",
        "source": "survey"
      },
      "geometry": {
        "type": "Point",
        "coordinates": [
          9.193739,
          47.6927923
        ]
      },
      "id": "node/5613995849"
    },
    {
      "type": "Feature",
      "properties": {
        "@id": "node/5613995850",
        "emergency": "fire_hydrant",
        "fire_hydrant:diameter": "80",
        "fire_hydrant:position": "lane",
        "fire_hydrant:type": "underground",
        "source": "survey"
      },
      "geometry": {
        "type": "Point",
        "coordinates": [
          9.1920867,
          47.6926858
        ]
      },
      "id": "node/5613995850"
    },
    {
      "type": "Feature",
      "properties": {
        "@id": "node/5613995852",
        "emergency": "fire_hydrant",
        "fire_hydrant:diameter": "80",
        "fire_hydrant:position": "lane",
        "fire_hydrant:type": "underground",
        "source": "survey"
      },
      "geometry": {
        "type": "Point",
        "coordinates": [
          9.195075,
          47.6944406
        ]
      },
      "id": "node/5613995852"
    },
    {
      "type": "Feature",
      "properties": {
        "@id": "node/5613995853",
        "emergency": "fire_hydrant",
        "fire_hydrant:diameter": "80",
        "fire_hydrant:position": "lane",
        "fire_hydrant:type": "underground",
        "source": "survey"
      },
      "geometry": {
        "type": "Point",
        "coordinates": [
          9.1946617,
          47.694401
        ]
      },
      "id": "node/5613995853"
    },
    {
      "type": "Feature",
      "properties": {
        "@id": "node/5966852165",
        "colour": "silver",
        "couplings": "3",
        "emergency": "fire_hydrant",
        "fire_hydrant:position": "green",
        "fire_hydrant:type": "pillar"
      },
      "geometry": {
        "type": "Point",
        "coordinates": [
          9.192499,
          47.6935912
        ]
      },
      "id": "node/5966852165"
    },
    {
      "type": "Feature",
      "properties": {
        "@id": "node/5966852168",
        "colour": "silver",
        "couplings": "3",
        "emergency": "fire_hydrant",
        "fire_hydrant:diameter:signed": "no",
        "fire_hydrant:position": "sidewalk",
        "fire_hydrant:type": "pillar"
      },
      "geometry": {
        "type": "Point",
        "coordinates": [
          9.1942419,
          47.6900422
        ]
      },
      "id": "node/5966852168"
    },
    {
      "type": "Feature",
      "properties": {
        "@id": "node/5966852170",
        "colour": "green",
        "couplings": "3",
        "emergency": "fire_hydrant",
        "fire_hydrant:position": "green",
        "fire_hydrant:type": "pillar"
      },
      "geometry": {
        "type": "Point",
        "coordinates": [
          9.19222,
          47.6941522
        ]
      },
      "id": "node/5966852170"
    },
    {
      "type": "Feature",
      "properties": {
        "@id": "node/5966853286",
        "colour": "silver",
        "couplings": "3",
        "emergency": "fire_hydrant",
        "fire_hydrant:diameter:signed": "no",
        "fire_hydrant:position": "green",
        "fire_hydrant:type": "pillar"
      },
      "geometry": {
        "type": "Point",
        "coordinates": [
          9.1933861,
          47.6914151
        ]
      },
      "id": "node/5966853286"
    },
    {
      "type": "Feature",
      "properties": {
        "@id": "node/5969010426",
        "colour": "silver",
        "couplings": "3",
        "emergency": "fire_hydrant",
        "fire_hydrant:position": "sidewalk",
        "fire_hydrant:type": "pillar"
      },
      "geometry": {
        "type": "Point",
        "coordinates": [
          9.1937747,
          47.6925641
        ]
      },
      "id": "node/5969010426"
    },
    {
      "type": "Feature",
      "properties": {
        "@id": "node/5989288468",
        "colour": "silver",
        "couplings": "3",
        "emergency": "fire_hydrant",
        "fire_hydrant:type": "pillar"
      },
      "geometry": {
        "type": "Point",
        "coordinates": [
          9.1920499,
          47.6925937
        ]
      },
      "id": "node/5989288468"
    },
    {
      "type": "Feature",
      "properties": {
        "@id": "node/6002646380",
        "colour": "silver",
        "couplings": "3",
        "emergency": "fire_hydrant",
        "fire_hydrant:type": "pillar"
      },
      "geometry": {
        "type": "Point",
        "coordinates": [
          9.1912066,
          47.691196
        ]
      },
      "id": "node/6002646380"
    },
    {
      "type": "Feature",
      "properties": {
        "@id": "node/6017371501",
        "colour": "silver",
        "couplings": "3",
        "emergency": "fire_hydrant",
        "fire_hydrant:type": "pillar"
      },
      "geometry": {
        "type": "Point",
        "coordinates": [
          9.1849715,
          47.7011569
        ]
      },
      "id": "node/6017371501"
    },
    {
      "type": "Feature",
      "properties": {
        "@id": "node/6019852071",
        "colour": "silver",
        "couplings": "3",
        "emergency": "fire_hydrant",
        "fire_hydrant:position": "green",
        "fire_hydrant:type": "pillar"
      },
      "geometry": {
        "type": "Point",
        "coordinates": [
          9.1877827,
          47.6886537
        ]
      },
      "id": "node/6019852071"
    },
    {
      "type": "Feature",
      "properties": {
        "@id": "node/6019852619",
        "colour": "red",
        "couplings": "3",
        "emergency": "fire_hydrant",
        "fire_hydrant:position": "green",
        "fire_hydrant:type": "pillar"
      },
      "geometry": {
        "type": "Point",
        "coordinates": [
          9.1890573,
          47.6940001
        ]
      },
      "id": "node/6019852619"
    },
    {
      "type": "Feature",
      "properties": {
        "@id": "node/6088245091",
        "emergency": "fire_hydrant",
        "fire_hydrant:type": "pillar",
        "ref": "602"
      },
      "geometry": {
        "type": "Point",
        "coordinates": [
          8.7105214,
          47.2887348
        ]
      },
      "id": "node/6088245091"
    },
    {
      "type": "Feature",
      "properties": {
        "@id": "node/6161987408",
        "colour": "green",
        "couplings": "3",
        "emergency": "fire_hydrant",
        "fire_hydrant:type": "pillar"
      },
      "geometry": {
        "type": "Point",
        "coordinates": [
          9.1939524,
          47.6932262
        ]
      },
      "id": "node/6161987408"
    },
    {
      "type": "Feature",
      "properties": {
        "@id": "node/6185624408",
        "emergency": "fire_hydrant",
        "fire_hydrant:position": "lane",
        "fire_hydrant:type": "underground"
      },
      "geometry": {
        "type": "Point",
        "coordinates": [
          9.1958403,
          47.6931451
        ]
      },
      "id": "node/6185624408"
    },
    {
      "type": "Feature",
      "properties": {
        "@id": "node/6283003454",
        "colour": "blue",
        "emergency": "fire_hydrant",
        "fire_hydrant:type": "pillar"
      },
      "geometry": {
        "type": "Point",
        "coordinates": [
          9.9851856,
          47.4171694
        ]
      },
      "id": "node/6283003454"
    },
    {
      "type": "Feature",
      "properties": {
        "@id": "node/6356608114",
        "emergency": "fire_hydrant",
        "fire_hydrant:diameter:signed": "no",
        "fire_hydrant:position": "sidewalk",
        "fire_hydrant:type": "underground"
      },
      "geometry": {
        "type": "Point",
        "coordinates": [
          9.1865025,
          47.7027076
        ]
      },
      "id": "node/6356608114"
    },
    {
      "type": "Feature",
      "properties": {
        "@id": "node/6372813044",
        "colour": "red",
        "couplings": "3",
        "emergency": "fire_hydrant",
        "fire_hydrant:position": "green",
        "fire_hydrant:type": "pillar"
      },
      "geometry": {
        "type": "Point",
        "coordinates": [
          9.1899595,
          47.6907755
        ]
      },
      "id": "node/6372813044"
    },
    {
      "type": "Feature",
      "properties": {
        "@id": "node/6372813046",
        "colour": "red",
        "couplings": "3",
        "emergency": "fire_hydrant",
        "fire_hydrant:position": "green",
        "fire_hydrant:type": "pillar"
      },
      "geometry": {
        "type": "Point",
        "coordinates": [
          9.1911141,
          47.689963
        ]
      },
      "id": "node/6372813046"
    },
    {
      "type": "Feature",
      "properties": {
        "@id": "node/6499445527",
        "emergency": "fire_hydrant",
        "fire_hydrant:position": "sidewalk",
        "fire_hydrant:type": "underground",
        "survey:date": "2019-05-10",
        "water_source": "main"
      },
      "geometry": {
        "type": "Point",
        "coordinates": [
          12.1813005,
          51.7292377
        ]
      },
      "id": "node/6499445527"
    },
    {
      "type": "Feature",
      "properties": {
        "@id": "node/6499445816",
        "emergency": "fire_hydrant",
        "fire_hydrant:position": "green",
        "fire_hydrant:type": "underground",
        "survey:date": "2019-05-10",
        "water_source": "main"
      },
      "geometry": {
        "type": "Point",
        "coordinates": [
          12.1794337,
          51.729766
        ]
      },
      "id": "node/6499445816"
    },
    {
      "type": "Feature",
      "properties": {
        "@id": "node/6499448183",
        "couplings": "1",
        "couplings:diameters": "A",
        "couplings:type": "Storz",
        "emergency": "fire_hydrant",
        "fire_hydrant:diameter": "100",
        "fire_hydrant:position": "sidewalk",
        "fire_hydrant:pressure": "8.0",
        "flow_rate": "1200 l/min",
        "name": "Tiefbrunnenpumpe",
        "survey:date": "2019-05-03",
        "water_source": "groundwater"
      },
      "geometry": {
        "type": "Point",
        "coordinates": [
          12.2018945,
          51.7415596
        ]
      },
      "id": "node/6499448183"
    },
    {
      "type": "Feature",
      "properties": {
        "@id": "node/6580449748",
        "emergency": "fire_hydrant",
        "fire_hydrant:diameter": "100",
        "fire_hydrant:position": "green",
        "fire_hydrant:type": "pillar",
        "source": "survey"
      },
      "geometry": {
        "type": "Point",
        "coordinates": [
          9.1863889,
          47.6900432
        ]
      },
      "id": "node/6580449748"
    },
    {
      "type": "Feature",
      "properties": {
        "@id": "node/6590902282",
        "emergency": "fire_hydrant",
        "fire_hydrant:type": "pillar",
        "ref": "533"
      },
      "geometry": {
        "type": "Point",
        "coordinates": [
          8.7139591,
          47.2893331
        ]
      },
      "id": "node/6590902282"
    },
    {
      "type": "Feature",
      "properties": {
        "@id": "node/6591672864",
        "bonnet:colour": "red",
        "cap:colour": "gray",
        "colour": "yellow",
        "couplings": "2",
        "couplings:diameters": "75",
        "emergency": "fire_hydrant",
        "fire_hydrant:position": "lane",
        "fire_hydrant:type": "pillar",
        "manufacturer": "Hinni",
        "pillar:type": "dry_barrel",
        "ref": "502",
        "water_source": "main"
      },
      "geometry": {
        "type": "Point",
        "coordinates": [
          8.7034629,
          47.3026156
        ]
      },
      "id": "node/6591672864"
    },
    {
      "type": "Feature",
      "properties": {
        "@id": "node/6724113521",
        "emergency": "fire_hydrant",
        "fire_hydrant:type": "pillar",
        "source": "survey 08.2019 und Vogis 2018"
      },
      "geometry": {
        "type": "Point",
        "coordinates": [
          9.888594,
          47.4309682
        ]
      },
      "id": "node/6724113521"
    },
    {
      "type": "Feature",
      "properties": {
        "@id": "node/6724113527",
        "emergency": "fire_hydrant",
        "fire_hydrant:type": "pillar",
        "source": "survey 08.2019 und Vogis 2018"
      },
      "geometry": {
        "type": "Point",
        "coordinates": [
          9.8887371,
          47.4307727
        ]
      },
      "id": "node/6724113527"
    },
    {
      "type": "Feature",
      "properties": {
        "@id": "node/6795294591",
        "emergency": "fire_hydrant",
        "fire_hydrant:type": "pillar",
        "source": "survey 09.2019 and Vogis 2018"
      },
      "geometry": {
        "type": "Point",
        "coordinates": [
          9.8855595,
          47.4318805
        ]
      },
      "id": "node/6795294591"
    },
    {
      "type": "Feature",
      "properties": {
        "@id": "node/6875262105",
        "emergency": "fire_hydrant",
        "fire_hydrant:type": "pillar",
        "ref": "572"
      },
      "geometry": {
        "type": "Point",
        "coordinates": [
          8.7136099,
          47.2886443
        ]
      },
      "id": "node/6875262105"
    },
    {
      "type": "Feature",
      "properties": {
        "@id": "node/6952745391",
        "emergency": "fire_hydrant",
        "fire_hydrant:position": "green",
        "fire_hydrant:type": "pillar",
        "ref": "299"
      },
      "geometry": {
        "type": "Point",
        "coordinates": [
          8.690622,
          47.2961675
        ]
      },
      "id": "node/6952745391"
    },
    {
      "type": "Feature",
      "properties": {
        "@id": "node/7041661475",
        "emergency": "fire_hydrant",
        "fire_hydrant:type": "pillar",
        "source": "survey 12.2019 and Vogis 2018"
      },
      "geometry": {
        "type": "Point",
        "coordinates": [
          9.8304388,
          47.4572814
        ]
      },
      "id": "node/7041661475"
    },
    {
      "type": "Feature",
      "properties": {
        "@id": "node/7041710189",
        "colour": "blue",
        "emergency": "fire_hydrant",
        "fire_hydrant:position": "green",
        "fire_hydrant:type": "pillar",
        "source": "survey 12.2019 and Vogis 2018"
      },
      "geometry": {
        "type": "Point",
        "coordinates": [
          9.8330639,
          47.45214
        ]
      },
      "id": "node/7041710189"
    },
    {
      "type": "Feature",
      "properties": {
        "@id": "node/7041729938",
        "emergency": "fire_hydrant",
        "fire_hydrant:type": "pillar",
        "source": "survey 12.2019 and Vogis 2018"
      },
      "geometry": {
        "type": "Point",
        "coordinates": [
          9.8332667,
          47.4560404
        ]
      },
      "id": "node/7041729938"
    },
    {
      "type": "Feature",
      "properties": {
        "@id": "node/7041732324",
        "emergency": "fire_hydrant",
        "fire_hydrant:type": "pillar",
        "source": "survey 12.2019 and Vogis 2018"
      },
      "geometry": {
        "type": "Point",
        "coordinates": [
          9.828881,
          47.4511477
        ]
      },
      "id": "node/7041732324"
    },
    {
      "type": "Feature",
      "properties": {
        "@id": "node/7041733496",
        "emergency": "fire_hydrant",
        "fire_hydrant:type": "pillar",
        "source": "survey 12.2019 and Vogis 2018"
      },
      "geometry": {
        "type": "Point",
        "coordinates": [
          9.8254744,
          47.4535927
        ]
      },
      "id": "node/7041733496"
    },
    {
      "type": "Feature",
      "properties": {
        "@id": "node/7041738132",
        "emergency": "fire_hydrant",
        "fire_hydrant:type": "pillar",
        "source": "survey 12.2019 and Vogis 2018"
      },
      "geometry": {
        "type": "Point",
        "coordinates": [
          9.8345901,
          47.4548727
        ]
      },
      "id": "node/7041738132"
    },
    {
      "type": "Feature",
      "properties": {
        "@id": "node/7228363102",
        "emergency": "fire_hydrant",
        "fire_hydrant:position": "green",
        "fire_hydrant:type": "pillar",
        "ref": "248"
      },
      "geometry": {
        "type": "Point",
        "coordinates": [
          8.69333,
          47.3039968
        ]
      },
      "id": "node/7228363102"
    },
    {
      "type": "Feature",
      "properties": {
        "@id": "node/7260691103",
        "emergency": "fire_hydrant",
        "fire_hydrant:type": "pillar"
      },
      "geometry": {
        "type": "Point",
        "coordinates": [
          8.714259,
          47.2924305
        ]
      },
      "id": "node/7260691103"
    },
    {
      "type": "Feature",
      "properties": {
        "@id": "node/7597783756",
        "emergency": "fire_hydrant",
        "fire_hydrant:position": "lane",
        "fire_hydrant:type": "pillar",
        "ref": "630",
        "water_source": "main"
      },
      "geometry": {
        "type": "Point",
        "coordinates": [
          8.7278572,
          47.2904698
        ]
      },
      "id": "node/7597783756"
    },
    {
      "type": "Feature",
      "properties": {
        "@id": "node/8441036659",
        "emergency": "fire_hydrant",
        "fire_hydrant:position": "green",
        "fire_hydrant:type": "pillar"
      },
      "geometry": {
        "type": "Point",
        "coordinates": [
          9.1897482,
          47.6888339
        ]
      },
      "id": "node/8441036659"
    },
    {
      "type": "Feature",
      "properties": {
        "@id": "node/8530143824",
        "cap:colour": "silver",
        "colour": "red",
        "couplings": "3",
        "emergency": "fire_hydrant",
        "fire_hydrant:diameter": "100",
        "fire_hydrant:position": "green",
        "fire_hydrant:type": "pillar",
        "survey:date": "2021-03-17"
      },
      "geometry": {
        "type": "Point",
        "coordinates": [
          9.17142,
          47.6981899
        ]
      },
      "id": "node/8530143824"
    },
    {
      "type": "Feature",
      "properties": {
        "@id": "node/8536987641",
        "emergency": "fire_hydrant",
        "fire_hydrant:diameter": "75",
        "fire_hydrant:type": "pillar",
        "ref": "140",
        "water_source": "main"
      },
      "geometry": {
        "type": "Point",
        "coordinates": [
          8.6849837,
          47.3154888
        ]
      },
      "id": "node/8536987641"
    },
    {
      "type": "Feature",
      "properties": {
        "@id": "node/8536987642",
        "emergency": "fire_hydrant",
        "fire_hydrant:diameter": "75",
        "fire_hydrant:type": "pillar",
        "ref": "136",
        "water_source": "main"
      },
      "geometry": {
        "type": "Point",
        "coordinates": [
          8.685711,
          47.315164
        ]
      },
      "id": "node/8536987642"
    },
    {
      "type": "Feature",
      "properties": {
        "@id": "node/9013974424",
        "emergency": "fire_hydrant",
        "fire_hydrant:diameter": "75",
        "fire_hydrant:type": "pillar",
        "ref": "206"
      },
      "geometry": {
        "type": "Point",
        "coordinates": [
          8.6947541,
          47.312593
        ]
      },
      "id": "node/9013974424"
    },
    {
      "type": "Feature",
      "properties": {
        "@id": "node/9013974425",
        "emergency": "fire_hydrant",
        "fire_hydrant:diameter": "75",
        "fire_hydrant:type": "pillar",
        "ref": "205"
      },
      "geometry": {
        "type": "Point",
        "coordinates": [
          8.6939882,
          47.3126499
        ]
      },
      "id": "node/9013974425"
    },
    {
      "type": "Feature",
      "properties": {
        "@id": "node/9204468250",
        "colour": "silver",
        "couplings": "3",
        "emergency": "fire_hydrant",
        "fire_hydrant:position": "green",
        "fire_hydrant:type": "pillar"
      },
      "geometry": {
        "type": "Point",
        "coordinates": [
          9.1869325,
          47.6909738
        ]
      },
      "id": "node/9204468250"
    },
    {
      "type": "Feature",
      "properties": {
        "@id": "node/9204468252",
        "colour": "silver",
        "couplings": "3",
        "emergency": "fire_hydrant",
        "fire_hydrant:position": "green",
        "fire_hydrant:type": "pillar"
      },
      "geometry": {
        "type": "Point",
        "coordinates": [
          9.1863271,
          47.6908617
        ]
      },
      "id": "node/9204468252"
    },
    {
      "type": "Feature",
      "properties": {
        "@id": "node/9505203292",
        "emergency": "fire_hydrant",
        "fire_hydrant:diameter": "75",
        "fire_hydrant:type": "pillar",
        "ref": "290"
      },
      "geometry": {
        "type": "Point",
        "coordinates": [
          8.6885668,
          47.2956937
        ]
      },
      "id": "node/9505203292"
    },
    {
      "type": "Feature",
      "properties": {
        "@id": "node/9505203301",
        "emergency": "fire_hydrant",
        "fire_hydrant:diameter": "75",
        "fire_hydrant:position": "green",
        "fire_hydrant:type": "pillar",
        "ref": "292"
      },
      "geometry": {
        "type": "Point",
        "coordinates": [
          8.6889272,
          47.2958542
        ]
      },
      "id": "node/9505203301"
    },
    {
      "type": "Feature",
      "properties": {
        "@id": "node/9505318276",
        "emergency": "fire_hydrant",
        "fire_hydrant:diameter": "75",
        "fire_hydrant:type": "pillar",
        "ref": "287"
      },
      "geometry": {
        "type": "Point",
        "coordinates": [
          8.6872107,
          47.2981042
        ]
      },
      "id": "node/9505318276"
    },
    {
      "type": "Feature",
      "properties": {
        "@id": "node/10238501271",
        "colour": "blue",
        "emergency": "fire_hydrant",
        "fire_hydrant:type": "pillar",
        "source": "survey 12.2022 and Vogis 2020"
      },
      "geometry": {
        "type": "Point",
        "coordinates": [
          9.8943017,
          47.4316345
        ]
      },
      "id": "node/10238501271"
    },
    {
      "type": "Feature",
      "properties": {
        "@id": "node/10238814535",
        "colour": "blue",
        "emergency": "fire_hydrant",
        "fire_hydrant:type": "pillar",
        "source": "survey 12.2022 and Vogis 2020"
      },
      "geometry": {
        "type": "Point",
        "coordinates": [
          9.8965707,
          47.4313583
        ]
      },
      "id": "node/10238814535"
    },
    {
      "type": "Feature",
      "properties": {
        "@id": "node/10419731318",
        "bonnet:colour": "red",
        "cap:colour": "gray",
        "colour": "yellow",
        "couplings": "2",
        "couplings:diameters": "75",
        "emergency": "fire_hydrant",
        "fire_hydrant:position": "lane",
        "fire_hydrant:type": "pillar",
        "manufacturer": "Hinni",
        "pillar:type": "dry_barrel",
        "ref": "507",
        "water_source": "main"
      },
      "geometry": {
        "type": "Point",
        "coordinates": [
          8.7042759,
          47.3004568
        ]
      },
      "id": "node/10419731318"
    },
    {
      "type": "Feature",
      "properties": {
        "@id": "node/10437210636",
        "bonnet:colour": "red",
        "cap:colour": "gray",
        "colour": "yellow",
        "couplings": "2",
        "couplings:diameters": "75",
        "emergency": "fire_hydrant",
        "fire_hydrant:position": "green",
        "fire_hydrant:type": "pillar",
        "manufacturer": "Hinni",
        "pillar:type": "dry_barrel",
        "ref": "503",
        "water_source": "main"
      },
      "geometry": {
        "type": "Point",
        "coordinates": [
          8.7043228,
          47.3025912
        ]
      },
      "id": "node/10437210636"
    },
    {
      "type": "Feature",
      "properties": {
        "@id": "node/10536906215",
        "bonnet:colour": "red",
        "cap:colour": "gray",
        "colour": "gray",
        "couplings": "2",
        "emergency": "fire_hydrant",
        "fire_hydrant:position": "lane",
        "fire_hydrant:type": "pillar",
        "manufacturer": "von Roll",
        "pillar:type": "dry_barrel",
        "ref": "394",
        "water_source": "main"
      },
      "geometry": {
        "type": "Point",
        "coordinates": [
          8.7022414,
          47.2920323
        ]
      },
      "id": "node/10536906215"
    },
    {
      "type": "Feature",
      "properties": {
        "@id": "node/10560752290",
        "bonnet:colour": "red",
        "cap:colour": "gray",
        "colour": "yellow",
        "couplings": "2",
        "couplings:diameters": "75",
        "emergency": "fire_hydrant",
        "fire_hydrant:position": "lane",
        "fire_hydrant:type": "pillar",
        "manufacturer": "Hinni",
        "pillar:type": "dry_barrel",
        "ref": "375",
        "water_source": "main"
      },
      "geometry": {
        "type": "Point",
        "coordinates": [
          8.7067366,
          47.292014
        ]
      },
      "id": "node/10560752290"
    },
    {
      "type": "Feature",
      "properties": {
        "@id": "node/10560752308",
        "bonnet:colour": "red",
        "cap:colour": "gray",
        "colour": "gray",
        "couplings": "2",
        "emergency": "fire_hydrant",
        "fire_hydrant:position": "lane",
        "fire_hydrant:type": "pillar",
        "manufacturer": "von Roll",
        "pillar:type": "dry_barrel",
        "ref": "414",
        "water_source": "main"
      },
      "geometry": {
        "type": "Point",
        "coordinates": [
          8.7078674,
          47.2914808
        ]
      },
      "id": "node/10560752308"
    },
    {
      "type": "Feature",
      "properties": {
        "@id": "node/10560752349",
        "bonnet:colour": "red",
        "cap:colour": "gray",
        "colour": "gray",
        "couplings": "2",
        "emergency": "fire_hydrant",
        "fire_hydrant:position": "lane",
        "fire_hydrant:type": "pillar",
        "manufacturer": "von Roll",
        "pillar:type": "dry_barrel",
        "ref": "412",
        "water_source": "main"
      },
      "geometry": {
        "type": "Point",
        "coordinates": [
          8.7082385,
          47.2903527
        ]
      },
      "id": "node/10560752349"
    },
    {
      "type": "Feature",
      "properties": {
        "@id": "node/10560752350",
        "bonnet:colour": "red",
        "cap:colour": "gray",
        "colour": "gray",
        "couplings": "2",
        "emergency": "fire_hydrant",
        "fire_hydrant:position": "sidewalk",
        "fire_hydrant:type": "pillar",
        "manufacturer": "von Roll",
        "pillar:type": "dry_barrel",
        "ref": "419",
        "water_source": "main"
      },
      "geometry": {
        "type": "Point",
        "coordinates": [
          8.7084012,
          47.2900626
        ]
      },
      "id": "node/10560752350"
    },
    {
      "type": "Feature",
      "properties": {
        "@id": "node/10560752351",
        "bonnet:colour": "red",
        "cap:colour": "gray",
        "colour": "yellow",
        "couplings": "2",
        "couplings:diameters": "75",
        "emergency": "fire_hydrant",
        "fire_hydrant:position": "sidewalk",
        "fire_hydrant:type": "pillar",
        "manufacturer": "Hinni",
        "pillar:type": "dry_barrel",
        "ref": "442",
        "water_source": "main"
      },
      "geometry": {
        "type": "Point",
        "coordinates": [
          8.7080437,
          47.289815
        ]
      },
      "id": "node/10560752351"
    },
    {
      "type": "Feature",
      "properties": {
        "@id": "node/10560752352",
        "bonnet:colour": "red",
        "cap:colour": "gray",
        "colour": "gray",
        "couplings": "2",
        "emergency": "fire_hydrant",
        "fire_hydrant:position": "lane",
        "fire_hydrant:type": "pillar",
        "manufacturer": "von Roll",
        "pillar:type": "dry_barrel",
        "ref": "443",
        "water_source": "main"
      },
      "geometry": {
        "type": "Point",
        "coordinates": [
          8.7085629,
          47.2891702
        ]
      },
      "id": "node/10560752352"
    },
    {
      "type": "Feature",
      "properties": {
        "@id": "node/10560752354",
        "bonnet:colour": "red",
        "cap:colour": "gray",
        "colour": "gray",
        "couplings": "2",
        "emergency": "fire_hydrant",
        "fire_hydrant:position": "lane",
        "fire_hydrant:type": "pillar",
        "manufacturer": "von Roll",
        "pillar:type": "dry_barrel",
        "ref": "584",
        "water_source": "main"
      },
      "geometry": {
        "type": "Point",
        "coordinates": [
          8.7092261,
          47.2885668
        ]
      },
      "id": "node/10560752354"
    },
    {
      "type": "Feature",
      "properties": {
        "@id": "node/10560752355",
        "bonnet:colour": "red",
        "cap:colour": "gray",
        "colour": "green",
        "couplings": "2",
        "couplings:diameters": "75",
        "emergency": "fire_hydrant",
        "fire_hydrant:position": "lane",
        "fire_hydrant:type": "pillar",
        "manufacturer": "Hinni",
        "pillar:type": "dry_barrel",
        "ref": "583",
        "water_source": "main"
      },
      "geometry": {
        "type": "Point",
        "coordinates": [
          8.7098373,
          47.2881608
        ]
      },
      "id": "node/10560752355"
    },
    {
      "type": "Feature",
      "properties": {
        "@id": "node/10560752360",
        "bonnet:colour": "red",
        "cap:colour": "gray",
        "colour": "gray",
        "couplings": "2",
        "emergency": "fire_hydrant",
        "fire_hydrant:position": "sidewalk",
        "fire_hydrant:type": "pillar",
        "manufacturer": "von Roll",
        "pillar:type": "dry_barrel",
        "ref": "581",
        "water_source": "main"
      },
      "geometry": {
        "type": "Point",
        "coordinates": [
          8.7099071,
          47.2874852
        ]
      },
      "id": "node/10560752360"
    },
    {
      "type": "Feature",
      "properties": {
        "@id": "node/10560752372",
        "bonnet:colour": "red",
        "cap:colour": "gray",
        "colour": "gray",
        "couplings": "2",
        "emergency": "fire_hydrant",
        "fire_hydrant:position": "sidewalk",
        "fire_hydrant:type": "pillar",
        "manufacturer": "von Roll",
        "pillar:type": "dry_barrel",
        "ref": "582",
        "water_source": "main"
      },
      "geometry": {
        "type": "Point",
        "coordinates": [
          8.7101434,
          47.2876311
        ]
      },
      "id": "node/10560752372"
    },
    {
      "type": "Feature",
      "properties": {
        "@id": "node/10561810489",
        "bonnet:colour": "red",
        "cap:colour": "gray",
        "colour": "yellow",
        "couplings": "2",
        "couplings:diameters": "75",
        "emergency": "fire_hydrant",
        "fire_hydrant:position": "lane",
        "fire_hydrant:type": "pillar",
        "manufacturer": "Hinni",
        "pillar:type": "dry_barrel",
        "ref": "395",
        "water_source": "main"
      },
      "geometry": {
        "type": "Point",
        "coordinates": [
          8.7028671,
          47.2929551
        ]
      },
      "id": "node/10561810489"
    },
    {
      "type": "Feature",
      "properties": {
        "@id": "node/10561810490",
        "bonnet:colour": "red",
        "cap:colour": "gray",
        "colour": "yellow",
        "couplings": "2",
        "couplings:diameters": "75",
        "emergency": "fire_hydrant",
        "fire_hydrant:position": "lane",
        "fire_hydrant:type": "pillar",
        "manufacturer": "Hinni",
        "pillar:type": "dry_barrel",
        "ref": "370",
        "water_source": "main"
      },
      "geometry": {
        "type": "Point",
        "coordinates": [
          8.7035593,
          47.2935485
        ]
      },
      "id": "node/10561810490"
    },
    {
      "type": "Feature",
      "properties": {
        "@id": "node/10561917530",
        "bonnet:colour": "red",
        "cap:colour": "gray",
        "colour": "yellow",
        "couplings": "2",
        "couplings:diameters": "75",
        "emergency": "fire_hydrant",
        "fire_hydrant:position": "lane",
        "fire_hydrant:type": "pillar",
        "manufacturer": "Hinni",
        "pillar:type": "dry_barrel",
        "ref": "371",
        "water_source": "main"
      },
      "geometry": {
        "type": "Point",
        "coordinates": [
          8.7052021,
          47.2933779
        ]
      },
      "id": "node/10561917530"
    },
    {
      "type": "Feature",
      "properties": {
        "@id": "node/10561917531",
        "bonnet:colour": "red",
        "cap:colour": "gray",
        "colour": "yellow",
        "couplings": "2",
        "couplings:diameters": "75",
        "emergency": "fire_hydrant",
        "fire_hydrant:position": "lane",
        "fire_hydrant:type": "pillar",
        "manufacturer": "Hinni",
        "pillar:type": "dry_barrel",
        "ref": "372",
        "water_source": "main"
      },
      "geometry": {
        "type": "Point",
        "coordinates": [
          8.7063657,
          47.2939463
        ]
      },
      "id": "node/10561917531"
    },
    {
      "type": "Feature",
      "properties": {
        "@id": "node/10561979916",
        "bonnet:colour": "red",
        "cap:colour": "gray",
        "colour": "yellow",
        "couplings": "2",
        "couplings:diameters": "75",
        "emergency": "fire_hydrant",
        "fire_hydrant:type": "pillar",
        "manufacturer": "Hinni",
        "pillar:type": "dry_barrel",
        "ref": "369",
        "water_source": "main"
      },
      "geometry": {
        "type": "Point",
        "coordinates": [
          8.7012978,
          47.2955018
        ]
      },
      "id": "node/10561979916"
    },
    {
      "type": "Feature",
      "properties": {
        "@id": "node/10734827993",
        "colour": "blue",
        "couplings": "3",
        "emergency": "fire_hydrant",
        "fire_hydrant:type": "pillar"
      },
      "geometry": {
        "type": "Point",
        "coordinates": [
          9.8821079,
          47.5150802
        ]
      },
      "id": "node/10734827993"
    },
    {
      "type": "Feature",
      "properties": {
        "@id": "node/10763158103",
        "emergency": "fire_hydrant",
        "fire_hydrant:type": "pillar",
        "water_source": "main"
      },
      "geometry": {
        "type": "Point",
        "coordinates": [
          9.9537887,
          47.4586896
        ]
      },
      "id": "node/10763158103"
    },
    {
      "type": "Feature",
      "properties": {
        "@id": "node/10763181510",
        "emergency": "fire_hydrant",
        "fire_hydrant:type": "pillar",
        "water_source": "main"
      },
      "geometry": {
        "type": "Point",
        "coordinates": [
          9.8638252,
          47.4578721
        ]
      },
      "id": "node/10763181510"
    },
    {
      "type": "Feature",
      "properties": {
        "@id": "node/10763181511",
        "emergency": "fire_hydrant",
        "fire_hydrant:position": "green",
        "fire_hydrant:type": "pillar",
        "water_source": "main"
      },
      "geometry": {
        "type": "Point",
        "coordinates": [
          9.8499894,
          47.4581705
        ]
      },
      "id": "node/10763181511"
    },
    {
      "type": "Feature",
      "properties": {
        "@id": "node/10763181512",
        "emergency": "fire_hydrant",
        "fire_hydrant:type": "pillar",
        "water_source": "main"
      },
      "geometry": {
        "type": "Point",
        "coordinates": [
          9.8490466,
          47.4572063
        ]
      },
      "id": "node/10763181512"
    },
    {
      "type": "Feature",
      "properties": {
        "@id": "node/10763181513",
        "emergency": "fire_hydrant",
        "fire_hydrant:type": "pillar",
        "water_source": "main"
      },
      "geometry": {
        "type": "Point",
        "coordinates": [
          9.8472858,
          47.4565566
        ]
      },
      "id": "node/10763181513"
    },
    {
      "type": "Feature",
      "properties": {
        "@id": "node/10763181514",
        "emergency": "fire_hydrant",
        "fire_hydrant:position": "green",
        "fire_hydrant:type": "pillar",
        "water_source": "main"
      },
      "geometry": {
        "type": "Point",
        "coordinates": [
          9.8432578,
          47.4550135
        ]
      },
      "id": "node/10763181514"
    },
    {
      "type": "Feature",
      "properties": {
        "@id": "node/10763181515",
        "emergency": "fire_hydrant",
        "fire_hydrant:type": "pillar",
        "water_source": "main"
      },
      "geometry": {
        "type": "Point",
        "coordinates": [
          9.8331803,
          47.4504118
        ]
      },
      "id": "node/10763181515"
    },
    {
      "type": "Feature",
      "properties": {
        "@id": "node/10763206731",
        "emergency": "fire_hydrant",
        "fire_hydrant:position": "green",
        "fire_hydrant:type": "pillar",
        "water_source": "main"
      },
      "geometry": {
        "type": "Point",
        "coordinates": [
          9.9459013,
          47.4575495
        ]
      },
      "id": "node/10763206731"
    },
    {
      "type": "Feature",
      "properties": {
        "@id": "node/10763206737",
        "emergency": "fire_hydrant",
        "fire_hydrant:position": "green",
        "fire_hydrant:type": "pillar",
        "water_source": "main"
      },
      "geometry": {
        "type": "Point",
        "coordinates": [
          9.9418791,
          47.4569031
        ]
      },
      "id": "node/10763206737"
    },
    {
      "type": "Feature",
      "properties": {
        "@id": "node/10763206742",
        "emergency": "fire_hydrant",
        "fire_hydrant:type": "pillar",
        "water_source": "main"
      },
      "geometry": {
        "type": "Point",
        "coordinates": [
          9.9174216,
          47.4495064
        ]
      },
      "id": "node/10763206742"
    },
    {
      "type": "Feature",
      "properties": {
        "@id": "node/10763206743",
        "emergency": "fire_hydrant",
        "fire_hydrant:position": "green",
        "fire_hydrant:type": "pillar",
        "water_source": "main"
      },
      "geometry": {
        "type": "Point",
        "coordinates": [
          9.9143174,
          47.4486231
        ]
      },
      "id": "node/10763206743"
    },
    {
      "type": "Feature",
      "properties": {
        "@id": "node/10763206744",
        "emergency": "fire_hydrant",
        "fire_hydrant:type": "pillar",
        "water_source": "main"
      },
      "geometry": {
        "type": "Point",
        "coordinates": [
          9.9108706,
          47.447684
        ]
      },
      "id": "node/10763206744"
    },
    {
      "type": "Feature",
      "properties": {
        "@id": "node/10763206745",
        "emergency": "fire_hydrant",
        "fire_hydrant:position": "green",
        "fire_hydrant:type": "pillar",
        "water_source": "main"
      },
      "geometry": {
        "type": "Point",
        "coordinates": [
          9.9045458,
          47.4483841
        ]
      },
      "id": "node/10763206745"
    },
    {
      "type": "Feature",
      "properties": {
        "@id": "node/10763206746",
        "emergency": "fire_hydrant",
        "fire_hydrant:position": "green",
        "fire_hydrant:type": "pillar",
        "water_source": "main"
      },
      "geometry": {
        "type": "Point",
        "coordinates": [
          9.8918821,
          47.4523546
        ]
      },
      "id": "node/10763206746"
    },
    {
      "type": "Feature",
      "properties": {
        "@id": "node/10763206747",
        "emergency": "fire_hydrant",
        "fire_hydrant:type": "pillar",
        "water_source": "main"
      },
      "geometry": {
        "type": "Point",
        "coordinates": [
          9.8839591,
          47.45219
        ]
      },
      "id": "node/10763206747"
    },
    {
      "type": "Feature",
      "properties": {
        "@id": "node/10763206748",
        "emergency": "fire_hydrant",
        "fire_hydrant:type": "pillar",
        "water_source": "main"
      },
      "geometry": {
        "type": "Point",
        "coordinates": [
          9.8818284,
          47.4520598
        ]
      },
      "id": "node/10763206748"
    },
    {
      "type": "Feature",
      "properties": {
        "@id": "node/11011936259",
        "emergency": "fire_hydrant",
        "fire_hydrant:type": "pillar"
      },
      "geometry": {
        "type": "Point",
        "coordinates": [
          10.0348273,
          47.4301267
        ]
      },
      "id": "node/11011936259"
    },
    {
      "type": "Feature",
      "properties": {
        "@id": "node/11011936260",
        "emergency": "fire_hydrant",
        "fire_hydrant:type": "pillar"
      },
      "geometry": {
        "type": "Point",
        "coordinates": [
          10.0131158,
          47.4402235
        ]
      },
      "id": "node/11011936260"
    },
    {
      "type": "Feature",
      "properties": {
        "@id": "node/11011936261",
        "emergency": "fire_hydrant",
        "fire_hydrant:type": "pillar"
      },
      "geometry": {
        "type": "Point",
        "coordinates": [
          10.0313568,
          47.4330479
        ]
      },
      "id": "node/11011936261"
    },
    {
      "type": "Feature",
      "properties": {
        "@id": "node/11011936262",
        "emergency": "fire_hydrant",
        "fire_hydrant:type": "pillar"
      },
      "geometry": {
        "type": "Point",
        "coordinates": [
          9.9846776,
          47.4188833
        ]
      },
      "id": "node/11011936262"
    },
    {
      "type": "Feature",
      "properties": {
        "@id": "node/11011936263",
        "emergency": "fire_hydrant",
        "fire_hydrant:type": "pillar"
      },
      "geometry": {
        "type": "Point",
        "coordinates": [
          9.9823052,
          47.4167799
        ]
      },
      "id": "node/11011936263"
    },
    {
      "type": "Feature",
      "properties": {
        "@id": "node/11011936264",
        "emergency": "fire_hydrant",
        "fire_hydrant:type": "pillar"
      },
      "geometry": {
        "type": "Point",
        "coordinates": [
          10.0103888,
          47.4375955
        ]
      },
      "id": "node/11011936264"
    },
    {
      "type": "Feature",
      "properties": {
        "@id": "node/11011936265",
        "emergency": "fire_hydrant",
        "fire_hydrant:type": "pillar"
      },
      "geometry": {
        "type": "Point",
        "coordinates": [
          10.0285784,
          47.4311799
        ]
      },
      "id": "node/11011936265"
    },
    {
      "type": "Feature",
      "properties": {
        "@id": "node/11011936266",
        "emergency": "fire_hydrant",
        "fire_hydrant:type": "pillar"
      },
      "geometry": {
        "type": "Point",
        "coordinates": [
          10.0357774,
          47.4283844
        ]
      },
      "id": "node/11011936266"
    },
    {
      "type": "Feature",
      "properties": {
        "@id": "node/11011936267",
        "emergency": "fire_hydrant",
        "fire_hydrant:type": "pillar"
      },
      "geometry": {
        "type": "Point",
        "coordinates": [
          9.9803984,
          47.4159695
        ]
      },
      "id": "node/11011936267"
    },
    {
      "type": "Feature",
      "properties": {
        "@id": "node/11011936268",
        "emergency": "fire_hydrant",
        "fire_hydrant:type": "pillar"
      },
      "geometry": {
        "type": "Point",
        "coordinates": [
          10.0388211,
          47.4223853
        ]
      },
      "id": "node/11011936268"
    },
    {
      "type": "Feature",
      "properties": {
        "@id": "node/11011936269",
        "emergency": "fire_hydrant",
        "fire_hydrant:type": "pillar"
      },
      "geometry": {
        "type": "Point",
        "coordinates": [
          9.9842686,
          47.4230849
        ]
      },
      "id": "node/11011936269"
    },
    {
      "type": "Feature",
      "properties": {
        "@id": "node/11011936270",
        "emergency": "fire_hydrant",
        "fire_hydrant:type": "pillar"
      },
      "geometry": {
        "type": "Point",
        "coordinates": [
          10.0283252,
          47.4341356
        ]
      },
      "id": "node/11011936270"
    },
    {
      "type": "Feature",
      "properties": {
        "@id": "node/11011936271",
        "emergency": "fire_hydrant",
        "fire_hydrant:type": "pillar"
      },
      "geometry": {
        "type": "Point",
        "coordinates": [
          9.9833093,
          47.4236399
        ]
      },
      "id": "node/11011936271"
    },
    {
      "type": "Feature",
      "properties": {
        "@id": "node/11011936272",
        "emergency": "fire_hydrant",
        "fire_hydrant:type": "pillar"
      },
      "geometry": {
        "type": "Point",
        "coordinates": [
          10.0374841,
          47.4265067
        ]
      },
      "id": "node/11011936272"
    },
    {
      "type": "Feature",
      "properties": {
        "@id": "node/11011936273",
        "emergency": "fire_hydrant",
        "fire_hydrant:type": "pillar"
      },
      "geometry": {
        "type": "Point",
        "coordinates": [
          10.0217485,
          47.4386479
        ]
      },
      "id": "node/11011936273"
    },
    {
      "type": "Feature",
      "properties": {
        "@id": "node/11011936274",
        "emergency": "fire_hydrant",
        "fire_hydrant:type": "pillar"
      },
      "geometry": {
        "type": "Point",
        "coordinates": [
          10.0369673,
          47.4284546
        ]
      },
      "id": "node/11011936274"
    },
    {
      "type": "Feature",
      "properties": {
        "@id": "node/11011936275",
        "emergency": "fire_hydrant",
        "fire_hydrant:type": "pillar"
      },
      "geometry": {
        "type": "Point",
        "coordinates": [
          10.0380834,
          47.4268326
        ]
      },
      "id": "node/11011936275"
    },
    {
      "type": "Feature",
      "properties": {
        "@id": "node/11011936276",
        "emergency": "fire_hydrant",
        "fire_hydrant:type": "pillar"
      },
      "geometry": {
        "type": "Point",
        "coordinates": [
          10.0121462,
          47.4379495
        ]
      },
      "id": "node/11011936276"
    },
    {
      "type": "Feature",
      "properties": {
        "@id": "node/11011936277",
        "emergency": "fire_hydrant",
        "fire_hydrant:type": "pillar"
      },
      "geometry": {
        "type": "Point",
        "coordinates": [
          10.0357736,
          47.4246718
        ]
      },
      "id": "node/11011936277"
    },
    {
      "type": "Feature",
      "properties": {
        "@id": "node/11012325963",
        "emergency": "fire_hydrant",
        "fire_hydrant:type": "pillar"
      },
      "geometry": {
        "type": "Point",
        "coordinates": [
          9.8803763,
          47.5345102
        ]
      },
      "id": "node/11012325963"
    },
    {
      "type": "Feature",
      "properties": {
        "@id": "node/11012325964",
        "emergency": "fire_hydrant",
        "fire_hydrant:type": "pillar"
      },
      "geometry": {
        "type": "Point",
        "coordinates": [
          9.8835273,
          47.5383857
        ]
      },
      "id": "node/11012325964"
    },
    {
      "type": "Feature",
      "properties": {
        "@id": "node/11012325965",
        "emergency": "fire_hydrant",
        "fire_hydrant:type": "pillar"
      },
      "geometry": {
        "type": "Point",
        "coordinates": [
          9.8830093,
          47.5360142
        ]
      },
      "id": "node/11012325965"
    },
    {
      "type": "Feature",
      "properties": {
        "@id": "node/11012325966",
        "emergency": "fire_hydrant",
        "fire_hydrant:type": "pillar"
      },
      "geometry": {
        "type": "Point",
        "coordinates": [
          9.8817479,
          47.5317436
        ]
      },
      "id": "node/11012325966"
    },
    {
      "type": "Feature",
      "properties": {
        "@id": "node/11012325967",
        "emergency": "fire_hydrant",
        "fire_hydrant:type": "pillar"
      },
      "geometry": {
        "type": "Point",
        "coordinates": [
          9.8806735,
          47.5354949
        ]
      },
      "id": "node/11012325967"
    },
    {
      "type": "Feature",
      "properties": {
        "@id": "node/11012325968",
        "emergency": "fire_hydrant",
        "fire_hydrant:type": "pillar"
      },
      "geometry": {
        "type": "Point",
        "coordinates": [
          9.8838248,
          47.5378421
        ]
      },
      "id": "node/11012325968"
    },
    {
      "type": "Feature",
      "properties": {
        "@id": "node/11012325969",
        "emergency": "fire_hydrant",
        "fire_hydrant:type": "pillar"
      },
      "geometry": {
        "type": "Point",
        "coordinates": [
          9.8794427,
          47.5336034
        ]
      },
      "id": "node/11012325969"
    },
    {
      "type": "Feature",
      "properties": {
        "@id": "node/11012325970",
        "emergency": "fire_hydrant",
        "fire_hydrant:type": "pillar"
      },
      "geometry": {
        "type": "Point",
        "coordinates": [
          9.8788154,
          47.5328426
        ]
      },
      "id": "node/11012325970"
    },
    {
      "type": "Feature",
      "properties": {
        "@id": "node/11012325971",
        "emergency": "fire_hydrant",
        "fire_hydrant:type": "pillar"
      },
      "geometry": {
        "type": "Point",
        "coordinates": [
          9.8826469,
          47.5378256
        ]
      },
      "id": "node/11012325971"
    },
    {
      "type": "Feature",
      "properties": {
        "@id": "node/11012325972",
        "emergency": "fire_hydrant",
        "fire_hydrant:type": "pillar"
      },
      "geometry": {
        "type": "Point",
        "coordinates": [
          9.887086,
          47.542446
        ]
      },
      "id": "node/11012325972"
    },
    {
      "type": "Feature",
      "properties": {
        "@id": "node/11012325973",
        "emergency": "fire_hydrant",
        "fire_hydrant:type": "pillar"
      },
      "geometry": {
        "type": "Point",
        "coordinates": [
          9.8828998,
          47.5445669
        ]
      },
      "id": "node/11012325973"
    },
    {
      "type": "Feature",
      "properties": {
        "@id": "node/11012325974",
        "emergency": "fire_hydrant",
        "fire_hydrant:type": "pillar"
      },
      "geometry": {
        "type": "Point",
        "coordinates": [
          9.8848794,
          47.5393964
        ]
      },
      "id": "node/11012325974"
    },
    {
      "type": "Feature",
      "properties": {
        "@id": "node/11012325975",
        "emergency": "fire_hydrant",
        "fire_hydrant:type": "pillar"
      },
      "geometry": {
        "type": "Point",
        "coordinates": [
          9.8768957,
          47.5439107
        ]
      },
      "id": "node/11012325975"
    },
    {
      "type": "Feature",
      "properties": {
        "@id": "node/11012325976",
        "emergency": "fire_hydrant",
        "fire_hydrant:type": "pillar"
      },
      "geometry": {
        "type": "Point",
        "coordinates": [
          9.879125,
          47.542518
        ]
      },
      "id": "node/11012325976"
    },
    {
      "type": "Feature",
      "properties": {
        "@id": "node/11012325977",
        "emergency": "fire_hydrant",
        "fire_hydrant:type": "pillar"
      },
      "geometry": {
        "type": "Point",
        "coordinates": [
          9.8852076,
          47.5409644
        ]
      },
      "id": "node/11012325977"
    },
    {
      "type": "Feature",
      "properties": {
        "@id": "node/11012325978",
        "emergency": "fire_hydrant",
        "fire_hydrant:type": "pillar"
      },
      "geometry": {
        "type": "Point",
        "coordinates": [
          9.8873342,
          47.5400393
        ]
      },
      "id": "node/11012325978"
    },
    {
      "type": "Feature",
      "properties": {
        "@id": "node/11012325979",
        "emergency": "fire_hydrant",
        "fire_hydrant:type": "pillar"
      },
      "geometry": {
        "type": "Point",
        "coordinates": [
          9.885346,
          47.5397923
        ]
      },
      "id": "node/11012325979"
    },
    {
      "type": "Feature",
      "properties": {
        "@id": "node/11012325980",
        "emergency": "fire_hydrant",
        "fire_hydrant:type": "pillar"
      },
      "geometry": {
        "type": "Point",
        "coordinates": [
          9.8862056,
          47.5404067
        ]
      },
      "id": "node/11012325980"
    },
    {
      "type": "Feature",
      "properties": {
        "@id": "node/11012325984",
        "emergency": "fire_hydrant",
        "fire_hydrant:type": "pillar"
      },
      "geometry": {
        "type": "Point",
        "coordinates": [
          9.8668586,
          47.5147587
        ]
      },
      "id": "node/11012325984"
    },
    {
      "type": "Feature",
      "properties": {
        "@id": "node/11012702082",
        "emergency": "fire_hydrant",
        "fire_hydrant:type": "pillar"
      },
      "geometry": {
        "type": "Point",
        "coordinates": [
          9.9089546,
          47.4267807
        ]
      },
      "id": "node/11012702082"
    },
    {
      "type": "Feature",
      "properties": {
        "@id": "node/11012702083",
        "emergency": "fire_hydrant",
        "fire_hydrant:type": "pillar"
      },
      "geometry": {
        "type": "Point",
        "coordinates": [
          9.9359288,
          47.4759413
        ]
      },
      "id": "node/11012702083"
    },
    {
      "type": "Feature",
      "properties": {
        "@id": "node/11012702084",
        "emergency": "fire_hydrant",
        "fire_hydrant:type": "pillar"
      },
      "geometry": {
        "type": "Point",
        "coordinates": [
          9.9009734,
          47.4464707
        ]
      },
      "id": "node/11012702084"
    },
    {
      "type": "Feature",
      "properties": {
        "@id": "node/11012702085",
        "emergency": "fire_hydrant",
        "fire_hydrant:type": "pillar"
      },
      "geometry": {
        "type": "Point",
        "coordinates": [
          9.9584277,
          47.4678304
        ]
      },
      "id": "node/11012702085"
    },
    {
      "type": "Feature",
      "properties": {
        "@id": "node/11012702086",
        "emergency": "fire_hydrant",
        "fire_hydrant:type": "pillar"
      },
      "geometry": {
        "type": "Point",
        "coordinates": [
          9.9025455,
          47.4705718
        ]
      },
      "id": "node/11012702086"
    },
    {
      "type": "Feature",
      "properties": {
        "@id": "node/11012702087",
        "emergency": "fire_hydrant",
        "fire_hydrant:type": "pillar"
      },
      "geometry": {
        "type": "Point",
        "coordinates": [
          9.9402343,
          47.4577295
        ]
      },
      "id": "node/11012702087"
    },
    {
      "type": "Feature",
      "properties": {
        "@id": "node/11012702089",
        "emergency": "fire_hydrant",
        "fire_hydrant:type": "pillar"
      },
      "geometry": {
        "type": "Point",
        "coordinates": [
          9.8331904,
          47.4494336
        ]
      },
      "id": "node/11012702089"
    },
    {
      "type": "Feature",
      "properties": {
        "@id": "node/11012702090",
        "emergency": "fire_hydrant",
        "fire_hydrant:type": "pillar"
      },
      "geometry": {
        "type": "Point",
        "coordinates": [
          9.9370399,
          47.4762185
        ]
      },
      "id": "node/11012702090"
    },
    {
      "type": "Feature",
      "properties": {
        "@id": "node/11012702091",
        "emergency": "fire_hydrant",
        "fire_hydrant:type": "pillar"
      },
      "geometry": {
        "type": "Point",
        "coordinates": [
          9.9745304,
          47.4593637
        ]
      },
      "id": "node/11012702091"
    },
    {
      "type": "Feature",
      "properties": {
        "@id": "node/11012702094",
        "emergency": "fire_hydrant",
        "fire_hydrant:type": "pillar"
      },
      "geometry": {
        "type": "Point",
        "coordinates": [
          9.9000316,
          47.5301039
        ]
      },
      "id": "node/11012702094"
    },
    {
      "type": "Feature",
      "properties": {
        "@id": "node/11012702095",
        "emergency": "fire_hydrant",
        "fire_hydrant:type": "pillar"
      },
      "geometry": {
        "type": "Point",
        "coordinates": [
          9.9132332,
          47.4563804
        ]
      },
      "id": "node/11012702095"
    },
    {
      "type": "Feature",
      "properties": {
        "@id": "node/11012702096",
        "emergency": "fire_hydrant",
        "fire_hydrant:type": "pillar"
      },
      "geometry": {
        "type": "Point",
        "coordinates": [
          9.9062948,
          47.4557491
        ]
      },
      "id": "node/11012702096"
    },
    {
      "type": "Feature",
      "properties": {
        "@id": "node/11012702097",
        "emergency": "fire_hydrant",
        "fire_hydrant:type": "pillar"
      },
      "geometry": {
        "type": "Point",
        "coordinates": [
          9.9005492,
          47.5265967
        ]
      },
      "id": "node/11012702097"
    },
    {
      "type": "Feature",
      "properties": {
        "@id": "node/11012702098",
        "emergency": "fire_hydrant",
        "fire_hydrant:position": "green",
        "fire_hydrant:type": "pillar"
      },
      "geometry": {
        "type": "Point",
        "coordinates": [
          9.990539,
          47.4655324
        ]
      },
      "id": "node/11012702098"
    },
    {
      "type": "Feature",
      "properties": {
        "@id": "node/11012702101",
        "emergency": "fire_hydrant",
        "fire_hydrant:type": "pillar"
      },
      "geometry": {
        "type": "Point",
        "coordinates": [
          9.8322747,
          47.4668147
        ]
      },
      "id": "node/11012702101"
    },
    {
      "type": "Feature",
      "properties": {
        "@id": "node/11012702102",
        "emergency": "fire_hydrant",
        "fire_hydrant:type": "pillar"
      },
      "geometry": {
        "type": "Point",
        "coordinates": [
          9.8947799,
          47.4941256
        ]
      },
      "id": "node/11012702102"
    },
    {
      "type": "Feature",
      "properties": {
        "@id": "node/11012702103",
        "emergency": "fire_hydrant",
        "fire_hydrant:type": "pillar"
      },
      "geometry": {
        "type": "Point",
        "coordinates": [
          9.8682347,
          47.4555243
        ]
      },
      "id": "node/11012702103"
    },
    {
      "type": "Feature",
      "properties": {
        "@id": "node/11012702104",
        "emergency": "fire_hydrant",
        "fire_hydrant:type": "pillar"
      },
      "geometry": {
        "type": "Point",
        "coordinates": [
          9.9336758,
          47.5289481
        ]
      },
      "id": "node/11012702104"
    },
    {
      "type": "Feature",
      "properties": {
        "@id": "node/11012702105",
        "emergency": "fire_hydrant",
        "fire_hydrant:position": "green",
        "fire_hydrant:type": "pillar"
      },
      "geometry": {
        "type": "Point",
        "coordinates": [
          9.8874597,
          47.4963536
        ]
      },
      "id": "node/11012702105"
    },
    {
      "type": "Feature",
      "properties": {
        "@id": "node/11012702106",
        "emergency": "fire_hydrant",
        "fire_hydrant:type": "pillar"
      },
      "geometry": {
        "type": "Point",
        "coordinates": [
          9.9566221,
          47.4603351
        ]
      },
      "id": "node/11012702106"
    },
    {
      "type": "Feature",
      "properties": {
        "@id": "node/11012702107",
        "emergency": "fire_hydrant",
        "fire_hydrant:type": "pillar"
      },
      "geometry": {
        "type": "Point",
        "coordinates": [
          9.8839133,
          47.4949807
        ]
      },
      "id": "node/11012702107"
    },
    {
      "type": "Feature",
      "properties": {
        "@id": "node/11012702109",
        "emergency": "fire_hydrant",
        "fire_hydrant:type": "pillar"
      },
      "geometry": {
        "type": "Point",
        "coordinates": [
          9.9155141,
          47.4613713
        ]
      },
      "id": "node/11012702109"
    },
    {
      "type": "Feature",
      "properties": {
        "@id": "node/11012702110",
        "emergency": "fire_hydrant",
        "fire_hydrant:type": "pillar"
      },
      "geometry": {
        "type": "Point",
        "coordinates": [
          9.8795055,
          47.4982283
        ]
      },
      "id": "node/11012702110"
    },
    {
      "type": "Feature",
      "properties": {
        "@id": "node/11012702111",
        "emergency": "fire_hydrant",
        "fire_hydrant:type": "pillar"
      },
      "geometry": {
        "type": "Point",
        "coordinates": [
          9.9533272,
          47.4911709
        ]
      },
      "id": "node/11012702111"
    },
    {
      "type": "Feature",
      "properties": {
        "@id": "node/11012702112",
        "emergency": "fire_hydrant",
        "fire_hydrant:type": "pillar"
      },
      "geometry": {
        "type": "Point",
        "coordinates": [
          9.9747902,
          47.454464
        ]
      },
      "id": "node/11012702112"
    },
    {
      "type": "Feature",
      "properties": {
        "@id": "node/11012702114",
        "emergency": "fire_hydrant",
        "fire_hydrant:type": "pillar"
      },
      "geometry": {
        "type": "Point",
        "coordinates": [
          9.9642184,
          47.5049801
        ]
      },
      "id": "node/11012702114"
    },
    {
      "type": "Feature",
      "properties": {
        "@id": "node/11012702115",
        "emergency": "fire_hydrant",
        "fire_hydrant:type": "pillar"
      },
      "geometry": {
        "type": "Point",
        "coordinates": [
          9.970406,
          47.4526539
        ]
      },
      "id": "node/11012702115"
    },
    {
      "type": "Feature",
      "properties": {
        "@id": "node/11012702116",
        "emergency": "fire_hydrant",
        "fire_hydrant:type": "pillar"
      },
      "geometry": {
        "type": "Point",
        "coordinates": [
          9.8702625,
          47.4274924
        ]
      },
      "id": "node/11012702116"
    },
    {
      "type": "Feature",
      "properties": {
        "@id": "node/11012702117",
        "emergency": "fire_hydrant",
        "fire_hydrant:type": "pillar"
      },
      "geometry": {
        "type": "Point",
        "coordinates": [
          9.8990348,
          47.4267933
        ]
      },
      "id": "node/11012702117"
    },
    {
      "type": "Feature",
      "properties": {
        "@id": "node/11012702118",
        "emergency": "fire_hydrant",
        "fire_hydrant:type": "pillar"
      },
      "geometry": {
        "type": "Point",
        "coordinates": [
          9.9218364,
          47.4800379
        ]
      },
      "id": "node/11012702118"
    },
    {
      "type": "Feature",
      "properties": {
        "@id": "node/11012702119",
        "emergency": "fire_hydrant",
        "fire_hydrant:type": "pillar"
      },
      "geometry": {
        "type": "Point",
        "coordinates": [
          9.8994736,
          47.4324009
        ]
      },
      "id": "node/11012702119"
    },
    {
      "type": "Feature",
      "properties": {
        "@id": "node/11012702121",
        "emergency": "fire_hydrant",
        "fire_hydrant:type": "pillar"
      },
      "geometry": {
        "type": "Point",
        "coordinates": [
          9.9141271,
          47.4299026
        ]
      },
      "id": "node/11012702121"
    },
    {
      "type": "Feature",
      "properties": {
        "@id": "node/11012702122",
        "emergency": "fire_hydrant",
        "fire_hydrant:type": "pillar"
      },
      "geometry": {
        "type": "Point",
        "coordinates": [
          9.9207976,
          47.4493514
        ]
      },
      "id": "node/11012702122"
    },
    {
      "type": "Feature",
      "properties": {
        "@id": "node/11012702123",
        "emergency": "fire_hydrant",
        "fire_hydrant:type": "pillar"
      },
      "geometry": {
        "type": "Point",
        "coordinates": [
          9.9784874,
          47.45696
        ]
      },
      "id": "node/11012702123"
    },
    {
      "type": "Feature",
      "properties": {
        "@id": "node/11012702124",
        "emergency": "fire_hydrant",
        "fire_hydrant:position": "green",
        "fire_hydrant:type": "pillar"
      },
      "geometry": {
        "type": "Point",
        "coordinates": [
          9.9030886,
          47.496499
        ]
      },
      "id": "node/11012702124"
    },
    {
      "type": "Feature",
      "properties": {
        "@id": "node/11012702125",
        "emergency": "fire_hydrant",
        "fire_hydrant:type": "pillar"
      },
      "geometry": {
        "type": "Point",
        "coordinates": [
          9.8735103,
          47.4915368
        ]
      },
      "id": "node/11012702125"
    },
    {
      "type": "Feature",
      "properties": {
        "@id": "node/11012702127",
        "emergency": "fire_hydrant",
        "fire_hydrant:type": "pillar"
      },
      "geometry": {
        "type": "Point",
        "coordinates": [
          9.8307923,
          47.4495218
        ]
      },
      "id": "node/11012702127"
    },
    {
      "type": "Feature",
      "properties": {
        "@id": "node/11012702128",
        "emergency": "fire_hydrant",
        "fire_hydrant:type": "pillar"
      },
      "geometry": {
        "type": "Point",
        "coordinates": [
          9.9545399,
          47.511796
        ]
      },
      "id": "node/11012702128"
    },
    {
      "type": "Feature",
      "properties": {
        "@id": "node/11012702129",
        "emergency": "fire_hydrant",
        "fire_hydrant:type": "pillar"
      },
      "geometry": {
        "type": "Point",
        "coordinates": [
          9.9341659,
          47.530439
        ]
      },
      "id": "node/11012702129"
    },
    {
      "type": "Feature",
      "properties": {
        "@id": "node/11012702130",
        "emergency": "fire_hydrant",
        "fire_hydrant:type": "pillar"
      },
      "geometry": {
        "type": "Point",
        "coordinates": [
          9.8960881,
          47.433436
        ]
      },
      "id": "node/11012702130"
    },
    {
      "type": "Feature",
      "properties": {
        "@id": "node/11012702131",
        "emergency": "fire_hydrant",
        "fire_hydrant:type": "pillar"
      },
      "geometry": {
        "type": "Point",
        "coordinates": [
          9.9120708,
          47.4299292
        ]
      },
      "id": "node/11012702131"
    },
    {
      "type": "Feature",
      "properties": {
        "@id": "node/11012702132",
        "emergency": "fire_hydrant",
        "fire_hydrant:type": "pillar"
      },
      "geometry": {
        "type": "Point",
        "coordinates": [
          9.8998464,
          47.4351358
        ]
      },
      "id": "node/11012702132"
    },
    {
      "type": "Feature",
      "properties": {
        "@id": "node/11012702134",
        "emergency": "fire_hydrant",
        "fire_hydrant:type": "pillar"
      },
      "geometry": {
        "type": "Point",
        "coordinates": [
          9.914151,
          47.5199995
        ]
      },
      "id": "node/11012702134"
    },
    {
      "type": "Feature",
      "properties": {
        "@id": "node/11012702135",
        "emergency": "fire_hydrant",
        "fire_hydrant:type": "pillar"
      },
      "geometry": {
        "type": "Point",
        "coordinates": [
          9.9464039,
          47.5088007
        ]
      },
      "id": "node/11012702135"
    },
    {
      "type": "Feature",
      "properties": {
        "@id": "node/11012702136",
        "emergency": "fire_hydrant",
        "fire_hydrant:type": "pillar"
      },
      "geometry": {
        "type": "Point",
        "coordinates": [
          9.9071879,
          47.4307318
        ]
      },
      "id": "node/11012702136"
    },
    {
      "type": "Feature",
      "properties": {
        "@id": "node/11012702138",
        "emergency": "fire_hydrant",
        "fire_hydrant:type": "pillar"
      },
      "geometry": {
        "type": "Point",
        "coordinates": [
          9.8884057,
          47.4951241
        ]
      },
      "id": "node/11012702138"
    },
    {
      "type": "Feature",
      "properties": {
        "@id": "node/11012702140",
        "emergency": "fire_hydrant",
        "fire_hydrant:type": "pillar"
      },
      "geometry": {
        "type": "Point",
        "coordinates": [
          9.9143041,
          47.5225954
        ]
      },
      "id": "node/11012702140"
    },
    {
      "type": "Feature",
      "properties": {
        "@id": "node/11012702141",
        "emergency": "fire_hydrant",
        "fire_hydrant:type": "pillar"
      },
      "geometry": {
        "type": "Point",
        "coordinates": [
          9.8332679,
          47.4496517
        ]
      },
      "id": "node/11012702141"
    },
    {
      "type": "Feature",
      "properties": {
        "@id": "node/11012702142",
        "emergency": "fire_hydrant",
        "fire_hydrant:type": "pillar"
      },
      "geometry": {
        "type": "Point",
        "coordinates": [
          9.9609591,
          47.4999471
        ]
      },
      "id": "node/11012702142"
    },
    {
      "type": "Feature",
      "properties": {
        "@id": "node/11012702143",
        "emergency": "fire_hydrant",
        "fire_hydrant:type": "pillar"
      },
      "geometry": {
        "type": "Point",
        "coordinates": [
          9.9024505,
          47.4661822
        ]
      },
      "id": "node/11012702143"
    },
    {
      "type": "Feature",
      "properties": {
        "@id": "node/11012702144",
        "emergency": "fire_hydrant",
        "fire_hydrant:type": "pillar"
      },
      "geometry": {
        "type": "Point",
        "coordinates": [
          9.9332952,
          47.4835827
        ]
      },
      "id": "node/11012702144"
    },
    {
      "type": "Feature",
      "properties": {
        "@id": "node/11012702145",
        "emergency": "fire_hydrant",
        "fire_hydrant:type": "pillar"
      },
      "geometry": {
        "type": "Point",
        "coordinates": [
          9.9231389,
          47.4646307
        ]
      },
      "id": "node/11012702145"
    },
    {
      "type": "Feature",
      "properties": {
        "@id": "node/11012702147",
        "emergency": "fire_hydrant",
        "fire_hydrant:type": "pillar"
      },
      "geometry": {
        "type": "Point",
        "coordinates": [
          9.8318963,
          47.449581
        ]
      },
      "id": "node/11012702147"
    },
    {
      "type": "Feature",
      "properties": {
        "@id": "node/11012702148",
        "emergency": "fire_hydrant",
        "fire_hydrant:type": "pillar"
      },
      "geometry": {
        "type": "Point",
        "coordinates": [
          9.952808,
          47.5015648
        ]
      },
      "id": "node/11012702148"
    },
    {
      "type": "Feature",
      "properties": {
        "@id": "node/11012702149",
        "emergency": "fire_hydrant",
        "fire_hydrant:type": "pillar"
      },
      "geometry": {
        "type": "Point",
        "coordinates": [
          9.9391171,
          47.470428
        ]
      },
      "id": "node/11012702149"
    },
    {
      "type": "Feature",
      "properties": {
        "@id": "node/11012702150",
        "emergency": "fire_hydrant",
        "fire_hydrant:type": "pillar"
      },
      "geometry": {
        "type": "Point",
        "coordinates": [
          9.9145353,
          47.4524965
        ]
      },
      "id": "node/11012702150"
    },
    {
      "type": "Feature",
      "properties": {
        "@id": "node/11012702151",
        "emergency": "fire_hydrant",
        "fire_hydrant:type": "pillar"
      },
      "geometry": {
        "type": "Point",
        "coordinates": [
          9.9769341,
          47.4581002
        ]
      },
      "id": "node/11012702151"
    },
    {
      "type": "Feature",
      "properties": {
        "@id": "node/11012702152",
        "emergency": "fire_hydrant",
        "fire_hydrant:type": "pillar"
      },
      "geometry": {
        "type": "Point",
        "coordinates": [
          9.8411184,
          47.4553654
        ]
      },
      "id": "node/11012702152"
    },
    {
      "type": "Feature",
      "properties": {
        "@id": "node/11012702153",
        "emergency": "fire_hydrant",
        "fire_hydrant:type": "pillar"
      },
      "geometry": {
        "type": "Point",
        "coordinates": [
          9.831863,
          47.4481466
        ]
      },
      "id": "node/11012702153"
    },
    {
      "type": "Feature",
      "properties": {
        "@id": "node/11012702154",
        "emergency": "fire_hydrant",
        "fire_hydrant:type": "pillar"
      },
      "geometry": {
        "type": "Point",
        "coordinates": [
          9.8761545,
          47.4696931
        ]
      },
      "id": "node/11012702154"
    },
    {
      "type": "Feature",
      "properties": {
        "@id": "node/11012702155",
        "emergency": "fire_hydrant",
        "fire_hydrant:position": "parking_lot",
        "fire_hydrant:type": "pillar"
      },
      "geometry": {
        "type": "Point",
        "coordinates": [
          9.8908617,
          47.4310717
        ]
      },
      "id": "node/11012702155"
    },
    {
      "type": "Feature",
      "properties": {
        "@id": "node/11012702157",
        "emergency": "fire_hydrant",
        "fire_hydrant:type": "pillar"
      },
      "geometry": {
        "type": "Point",
        "coordinates": [
          9.9637219,
          47.521621
        ]
      },
      "id": "node/11012702157"
    },
    {
      "type": "Feature",
      "properties": {
        "@id": "node/11012702158",
        "emergency": "fire_hydrant",
        "fire_hydrant:type": "pillar"
      },
      "geometry": {
        "type": "Point",
        "coordinates": [
          9.963008,
          47.5044371
        ]
      },
      "id": "node/11012702158"
    },
    {
      "type": "Feature",
      "properties": {
        "@id": "node/11012702159",
        "emergency": "fire_hydrant",
        "fire_hydrant:type": "pillar"
      },
      "geometry": {
        "type": "Point",
        "coordinates": [
          9.9012014,
          47.5094875
        ]
      },
      "id": "node/11012702159"
    },
    {
      "type": "Feature",
      "properties": {
        "@id": "node/11012702160",
        "emergency": "fire_hydrant",
        "fire_hydrant:type": "pillar"
      },
      "geometry": {
        "type": "Point",
        "coordinates": [
          9.9373461,
          47.4573323
        ]
      },
      "id": "node/11012702160"
    },
    {
      "type": "Feature",
      "properties": {
        "@id": "node/11012702161",
        "emergency": "fire_hydrant",
        "fire_hydrant:type": "pillar"
      },
      "geometry": {
        "type": "Point",
        "coordinates": [
          9.9244707,
          47.4323904
        ]
      },
      "id": "node/11012702161"
    },
    {
      "type": "Feature",
      "properties": {
        "@id": "node/11012702163",
        "emergency": "fire_hydrant",
        "fire_hydrant:type": "pillar"
      },
      "geometry": {
        "type": "Point",
        "coordinates": [
          9.9551132,
          47.4978365
        ]
      },
      "id": "node/11012702163"
    },
    {
      "type": "Feature",
      "properties": {
        "@id": "node/11012702164",
        "emergency": "fire_hydrant",
        "fire_hydrant:type": "pillar"
      },
      "geometry": {
        "type": "Point",
        "coordinates": [
          9.991096,
          47.4610545
        ]
      },
      "id": "node/11012702164"
    },
    {
      "type": "Feature",
      "properties": {
        "@id": "node/11012702165",
        "emergency": "fire_hydrant",
        "fire_hydrant:type": "pillar"
      },
      "geometry": {
        "type": "Point",
        "coordinates": [
          9.9267193,
          47.4329816
        ]
      },
      "id": "node/11012702165"
    },
    {
      "type": "Feature",
      "properties": {
        "@id": "node/11012702167",
        "emergency": "fire_hydrant",
        "fire_hydrant:type": "pillar"
      },
      "geometry": {
        "type": "Point",
        "coordinates": [
          9.968715,
          47.4637422
        ]
      },
      "id": "node/11012702167"
    },
    {
      "type": "Feature",
      "properties": {
        "@id": "node/11012702169",
        "emergency": "fire_hydrant",
        "fire_hydrant:type": "pillar"
      },
      "geometry": {
        "type": "Point",
        "coordinates": [
          9.8667203,
          47.4571833
        ]
      },
      "id": "node/11012702169"
    },
    {
      "type": "Feature",
      "properties": {
        "@id": "node/11012702171",
        "emergency": "fire_hydrant",
        "fire_hydrant:type": "pillar"
      },
      "geometry": {
        "type": "Point",
        "coordinates": [
          9.9369124,
          47.4857912
        ]
      },
      "id": "node/11012702171"
    },
    {
      "type": "Feature",
      "properties": {
        "@id": "node/11012702172",
        "emergency": "fire_hydrant",
        "fire_hydrant:type": "pillar"
      },
      "geometry": {
        "type": "Point",
        "coordinates": [
          9.905616,
          47.4671213
        ]
      },
      "id": "node/11012702172"
    },
    {
      "type": "Feature",
      "properties": {
        "@id": "node/11012702173",
        "emergency": "fire_hydrant",
        "fire_hydrant:type": "pillar"
      },
      "geometry": {
        "type": "Point",
        "coordinates": [
          9.8574055,
          47.4570656
        ]
      },
      "id": "node/11012702173"
    },
    {
      "type": "Feature",
      "properties": {
        "@id": "node/11012702175",
        "emergency": "fire_hydrant",
        "fire_hydrant:type": "pillar"
      },
      "geometry": {
        "type": "Point",
        "coordinates": [
          9.9792802,
          47.4662341
        ]
      },
      "id": "node/11012702175"
    },
    {
      "type": "Feature",
      "properties": {
        "@id": "node/11012702176",
        "emergency": "fire_hydrant",
        "fire_hydrant:type": "pillar"
      },
      "geometry": {
        "type": "Point",
        "coordinates": [
          9.8917827,
          47.4962086
        ]
      },
      "id": "node/11012702176"
    },
    {
      "type": "Feature",
      "properties": {
        "@id": "node/11012702177",
        "emergency": "fire_hydrant",
        "fire_hydrant:type": "pillar"
      },
      "geometry": {
        "type": "Point",
        "coordinates": [
          9.8531622,
          47.4917475
        ]
      },
      "id": "node/11012702177"
    },
    {
      "type": "Feature",
      "properties": {
        "@id": "node/11012702179",
        "emergency": "fire_hydrant",
        "fire_hydrant:type": "pillar"
      },
      "geometry": {
        "type": "Point",
        "coordinates": [
          9.9514528,
          47.4291124
        ]
      },
      "id": "node/11012702179"
    },
    {
      "type": "Feature",
      "properties": {
        "@id": "node/11012702180",
        "emergency": "fire_hydrant",
        "fire_hydrant:type": "pillar"
      },
      "geometry": {
        "type": "Point",
        "coordinates": [
          9.95937,
          47.5014043
        ]
      },
      "id": "node/11012702180"
    },
    {
      "type": "Feature",
      "properties": {
        "@id": "node/11012702181",
        "emergency": "fire_hydrant",
        "fire_hydrant:type": "pillar"
      },
      "geometry": {
        "type": "Point",
        "coordinates": [
          9.8890745,
          47.4942355
        ]
      },
      "id": "node/11012702181"
    },
    {
      "type": "Feature",
      "properties": {
        "@id": "node/11012702182",
        "emergency": "fire_hydrant",
        "fire_hydrant:type": "pillar"
      },
      "geometry": {
        "type": "Point",
        "coordinates": [
          9.9574921,
          47.458367
        ]
      },
      "id": "node/11012702182"
    },
    {
      "type": "Feature",
      "properties": {
        "@id": "node/11012702183",
        "emergency": "fire_hydrant",
        "fire_hydrant:type": "pillar"
      },
      "geometry": {
        "type": "Point",
        "coordinates": [
          9.9181761,
          47.522219
        ]
      },
      "id": "node/11012702183"
    },
    {
      "type": "Feature",
      "properties": {
        "@id": "node/11012702184",
        "emergency": "fire_hydrant",
        "fire_hydrant:type": "pillar"
      },
      "geometry": {
        "type": "Point",
        "coordinates": [
          9.905625,
          47.4312748
        ]
      },
      "id": "node/11012702184"
    },
    {
      "type": "Feature",
      "properties": {
        "@id": "node/11012702186",
        "emergency": "fire_hydrant",
        "fire_hydrant:type": "pillar"
      },
      "geometry": {
        "type": "Point",
        "coordinates": [
          9.9542554,
          47.4962753
        ]
      },
      "id": "node/11012702186"
    },
    {
      "type": "Feature",
      "properties": {
        "@id": "node/11012702187",
        "emergency": "fire_hydrant",
        "fire_hydrant:type": "pillar"
      },
      "geometry": {
        "type": "Point",
        "coordinates": [
          9.9738612,
          47.4645481
        ]
      },
      "id": "node/11012702187"
    },
    {
      "type": "Feature",
      "properties": {
        "@id": "node/11012702190",
        "emergency": "fire_hydrant",
        "fire_hydrant:type": "pillar"
      },
      "geometry": {
        "type": "Point",
        "coordinates": [
          9.893859,
          47.4340295
        ]
      },
      "id": "node/11012702190"
    },
    {
      "type": "Feature",
      "properties": {
        "@id": "node/11012702191",
        "emergency": "fire_hydrant",
        "fire_hydrant:type": "pillar"
      },
      "geometry": {
        "type": "Point",
        "coordinates": [
          9.9290643,
          47.4961915
        ]
      },
      "id": "node/11012702191"
    },
    {
      "type": "Feature",
      "properties": {
        "@id": "node/11012702193",
        "emergency": "fire_hydrant",
        "fire_hydrant:type": "pillar"
      },
      "geometry": {
        "type": "Point",
        "coordinates": [
          9.9336328,
          47.4859944
        ]
      },
      "id": "node/11012702193"
    },
    {
      "type": "Feature",
      "properties": {
        "@id": "node/11012702194",
        "emergency": "fire_hydrant",
        "fire_hydrant:type": "pillar"
      },
      "geometry": {
        "type": "Point",
        "coordinates": [
          9.9220784,
          47.4508713
        ]
      },
      "id": "node/11012702194"
    },
    {
      "type": "Feature",
      "properties": {
        "@id": "node/11012702195",
        "emergency": "fire_hydrant",
        "fire_hydrant:type": "pillar"
      },
      "geometry": {
        "type": "Point",
        "coordinates": [
          9.8569627,
          47.4584459
        ]
      },
      "id": "node/11012702195"
    },
    {
      "type": "Feature",
      "properties": {
        "@id": "node/11012702196",
        "emergency": "fire_hydrant",
        "fire_hydrant:type": "pillar"
      },
      "geometry": {
        "type": "Point",
        "coordinates": [
          9.9367318,
          47.5302607
        ]
      },
      "id": "node/11012702196"
    },
    {
      "type": "Feature",
      "properties": {
        "@id": "node/11012702197",
        "emergency": "fire_hydrant",
        "fire_hydrant:type": "pillar"
      },
      "geometry": {
        "type": "Point",
        "coordinates": [
          9.8977389,
          47.4336553
        ]
      },
      "id": "node/11012702197"
    },
    {
      "type": "Feature",
      "properties": {
        "@id": "node/11012702198",
        "emergency": "fire_hydrant",
        "fire_hydrant:type": "pillar"
      },
      "geometry": {
        "type": "Point",
        "coordinates": [
          9.8249448,
          47.4483471
        ]
      },
      "id": "node/11012702198"
    },
    {
      "type": "Feature",
      "properties": {
        "@id": "node/11012702199",
        "emergency": "fire_hydrant",
        "fire_hydrant:type": "pillar"
      },
      "geometry": {
        "type": "Point",
        "coordinates": [
          9.9508063,
          47.4932245
        ]
      },
      "id": "node/11012702199"
    },
    {
      "type": "Feature",
      "properties": {
        "@id": "node/11012702200",
        "emergency": "fire_hydrant",
        "fire_hydrant:type": "pillar"
      },
      "geometry": {
        "type": "Point",
        "coordinates": [
          9.8822668,
          47.4654484
        ]
      },
      "id": "node/11012702200"
    },
    {
      "type": "Feature",
      "properties": {
        "@id": "node/11012702201",
        "emergency": "fire_hydrant",
        "fire_hydrant:type": "pillar"
      },
      "geometry": {
        "type": "Point",
        "coordinates": [
          9.8364315,
          47.4597427
        ]
      },
      "id": "node/11012702201"
    },
    {
      "type": "Feature",
      "properties": {
        "@id": "node/11012702202",
        "emergency": "fire_hydrant",
        "fire_hydrant:type": "pillar"
      },
      "geometry": {
        "type": "Point",
        "coordinates": [
          9.8409454,
          47.4615211
        ]
      },
      "id": "node/11012702202"
    },
    {
      "type": "Feature",
      "properties": {
        "@id": "node/11012702204",
        "emergency": "fire_hydrant",
        "fire_hydrant:type": "pillar"
      },
      "geometry": {
        "type": "Point",
        "coordinates": [
          9.9287012,
          47.4356332
        ]
      },
      "id": "node/11012702204"
    },
    {
      "type": "Feature",
      "properties": {
        "@id": "node/11012702205",
        "emergency": "fire_hydrant",
        "fire_hydrant:type": "pillar"
      },
      "geometry": {
        "type": "Point",
        "coordinates": [
          9.9540931,
          47.454284
        ]
      },
      "id": "node/11012702205"
    },
    {
      "type": "Feature",
      "properties": {
        "@id": "node/11012702206",
        "emergency": "fire_hydrant",
        "fire_hydrant:type": "pillar"
      },
      "geometry": {
        "type": "Point",
        "coordinates": [
          9.9591476,
          47.5014135
        ]
      },
      "id": "node/11012702206"
    },
    {
      "type": "Feature",
      "properties": {
        "@id": "node/11012702207",
        "emergency": "fire_hydrant",
        "fire_hydrant:type": "pillar"
      },
      "geometry": {
        "type": "Point",
        "coordinates": [
          9.8939339,
          47.4329194
        ]
      },
      "id": "node/11012702207"
    },
    {
      "type": "Feature",
      "properties": {
        "@id": "node/11012702209",
        "emergency": "fire_hydrant",
        "fire_hydrant:type": "pillar"
      },
      "geometry": {
        "type": "Point",
        "coordinates": [
          9.8999472,
          47.4994968
        ]
      },
      "id": "node/11012702209"
    },
    {
      "type": "Feature",
      "properties": {
        "@id": "node/11012702210",
        "emergency": "fire_hydrant",
        "fire_hydrant:type": "pillar"
      },
      "geometry": {
        "type": "Point",
        "coordinates": [
          9.9228037,
          47.5235728
        ]
      },
      "id": "node/11012702210"
    },
    {
      "type": "Feature",
      "properties": {
        "@id": "node/11012702211",
        "emergency": "fire_hydrant",
        "fire_hydrant:type": "pillar"
      },
      "geometry": {
        "type": "Point",
        "coordinates": [
          9.8532475,
          47.4650803
        ]
      },
      "id": "node/11012702211"
    },
    {
      "type": "Feature",
      "properties": {
        "@id": "node/11012702212",
        "emergency": "fire_hydrant",
        "fire_hydrant:type": "pillar"
      },
      "geometry": {
        "type": "Point",
        "coordinates": [
          9.9508868,
          47.4716996
        ]
      },
      "id": "node/11012702212"
    },
    {
      "type": "Feature",
      "properties": {
        "@id": "node/11012702213",
        "emergency": "fire_hydrant",
        "fire_hydrant:type": "pillar"
      },
      "geometry": {
        "type": "Point",
        "coordinates": [
          9.9040936,
          47.4654993
        ]
      },
      "id": "node/11012702213"
    },
    {
      "type": "Feature",
      "properties": {
        "@id": "node/11012702214",
        "emergency": "fire_hydrant",
        "fire_hydrant:type": "pillar"
      },
      "geometry": {
        "type": "Point",
        "coordinates": [
          9.9570397,
          47.5126176
        ]
      },
      "id": "node/11012702214"
    },
    {
      "type": "Feature",
      "properties": {
        "@id": "node/11012702217",
        "emergency": "fire_hydrant",
        "fire_hydrant:type": "pillar"
      },
      "geometry": {
        "type": "Point",
        "coordinates": [
          9.822879,
          47.4466064
        ]
      },
      "id": "node/11012702217"
    },
    {
      "type": "Feature",
      "properties": {
        "@id": "node/11012702218",
        "emergency": "fire_hydrant",
        "fire_hydrant:type": "pillar"
      },
      "geometry": {
        "type": "Point",
        "coordinates": [
          9.9351699,
          47.4751228
        ]
      },
      "id": "node/11012702218"
    },
    {
      "type": "Feature",
      "properties": {
        "@id": "node/11012702220",
        "emergency": "fire_hydrant",
        "fire_hydrant:type": "pillar"
      },
      "geometry": {
        "type": "Point",
        "coordinates": [
          9.8275698,
          47.4560277
        ]
      },
      "id": "node/11012702220"
    },
    {
      "type": "Feature",
      "properties": {
        "@id": "node/11012702221",
        "emergency": "fire_hydrant",
        "fire_hydrant:type": "pillar"
      },
      "geometry": {
        "type": "Point",
        "coordinates": [
          9.9247882,
          47.5279179
        ]
      },
      "id": "node/11012702221"
    },
    {
      "type": "Feature",
      "properties": {
        "@id": "node/11012702223",
        "emergency": "fire_hydrant",
        "fire_hydrant:type": "pillar"
      },
      "geometry": {
        "type": "Point",
        "coordinates": [
          9.9199407,
          47.4361416
        ]
      },
      "id": "node/11012702223"
    },
    {
      "type": "Feature",
      "properties": {
        "@id": "node/11012702224",
        "emergency": "fire_hydrant",
        "fire_hydrant:type": "pillar"
      },
      "geometry": {
        "type": "Point",
        "coordinates": [
          9.9133923,
          47.4318738
        ]
      },
      "id": "node/11012702224"
    },
    {
      "type": "Feature",
      "properties": {
        "@id": "node/11012702225",
        "emergency": "fire_hydrant",
        "fire_hydrant:type": "pillar"
      },
      "geometry": {
        "type": "Point",
        "coordinates": [
          9.8273633,
          47.4510796
        ]
      },
      "id": "node/11012702225"
    },
    {
      "type": "Feature",
      "properties": {
        "@id": "node/11012702228",
        "emergency": "fire_hydrant",
        "fire_hydrant:type": "pillar"
      },
      "geometry": {
        "type": "Point",
        "coordinates": [
          9.935415,
          47.5303247
        ]
      },
      "id": "node/11012702228"
    },
    {
      "type": "Feature",
      "properties": {
        "@id": "node/11012702229",
        "emergency": "fire_hydrant",
        "fire_hydrant:type": "pillar"
      },
      "geometry": {
        "type": "Point",
        "coordinates": [
          9.8874205,
          47.4689924
        ]
      },
      "id": "node/11012702229"
    },
    {
      "type": "Feature",
      "properties": {
        "@id": "node/11012702232",
        "emergency": "fire_hydrant",
        "fire_hydrant:type": "pillar"
      },
      "geometry": {
        "type": "Point",
        "coordinates": [
          9.9013432,
          47.4301947
        ]
      },
      "id": "node/11012702232"
    },
    {
      "type": "Feature",
      "properties": {
        "@id": "node/11012702234",
        "emergency": "fire_hydrant",
        "fire_hydrant:type": "pillar"
      },
      "geometry": {
        "type": "Point",
        "coordinates": [
          9.9432026,
          47.4682918
        ]
      },
      "id": "node/11012702234"
    },
    {
      "type": "Feature",
      "properties": {
        "@id": "node/11012702235",
        "emergency": "fire_hydrant",
        "fire_hydrant:type": "pillar"
      },
      "geometry": {
        "type": "Point",
        "coordinates": [
          9.8751326,
          47.4540416
        ]
      },
      "id": "node/11012702235"
    },
    {
      "type": "Feature",
      "properties": {
        "@id": "node/11012702236",
        "emergency": "fire_hydrant",
        "fire_hydrant:position": "green",
        "fire_hydrant:type": "pillar"
      },
      "geometry": {
        "type": "Point",
        "coordinates": [
          9.9686204,
          47.4594726
        ]
      },
      "id": "node/11012702236"
    },
    {
      "type": "Feature",
      "properties": {
        "@id": "node/11012702237",
        "emergency": "fire_hydrant",
        "fire_hydrant:position": "green",
        "fire_hydrant:type": "pillar"
      },
      "geometry": {
        "type": "Point",
        "coordinates": [
          9.9204725,
          47.4462965
        ]
      },
      "id": "node/11012702237"
    },
    {
      "type": "Feature",
      "properties": {
        "@id": "node/11012702238",
        "emergency": "fire_hydrant",
        "fire_hydrant:type": "pillar"
      },
      "geometry": {
        "type": "Point",
        "coordinates": [
          9.9883378,
          47.4618866
        ]
      },
      "id": "node/11012702238"
    },
    {
      "type": "Feature",
      "properties": {
        "@id": "node/11012702239",
        "emergency": "fire_hydrant",
        "fire_hydrant:type": "pillar"
      },
      "geometry": {
        "type": "Point",
        "coordinates": [
          9.8346353,
          47.46827
        ]
      },
      "id": "node/11012702239"
    },
    {
      "type": "Feature",
      "properties": {
        "@id": "node/11012702240",
        "emergency": "fire_hydrant",
        "fire_hydrant:type": "pillar"
      },
      "geometry": {
        "type": "Point",
        "coordinates": [
          9.836337,
          47.4673772
        ]
      },
      "id": "node/11012702240"
    },
    {
      "type": "Feature",
      "properties": {
        "@id": "node/11012702241",
        "emergency": "fire_hydrant",
        "fire_hydrant:type": "pillar"
      },
      "geometry": {
        "type": "Point",
        "coordinates": [
          9.8554523,
          47.4869573
        ]
      },
      "id": "node/11012702241"
    },
    {
      "type": "Feature",
      "properties": {
        "@id": "node/11012702242",
        "emergency": "fire_hydrant",
        "fire_hydrant:position": "green",
        "fire_hydrant:type": "pillar"
      },
      "geometry": {
        "type": "Point",
        "coordinates": [
          9.8229848,
          47.4522368
        ]
      },
      "id": "node/11012702242"
    },
    {
      "type": "Feature",
      "properties": {
        "@id": "node/11012702243",
        "emergency": "fire_hydrant",
        "fire_hydrant:type": "pillar"
      },
      "geometry": {
        "type": "Point",
        "coordinates": [
          9.8321606,
          47.456997
        ]
      },
      "id": "node/11012702243"
    },
    {
      "type": "Feature",
      "properties": {
        "@id": "node/11012702244",
        "emergency": "fire_hydrant",
        "fire_hydrant:type": "pillar"
      },
      "geometry": {
        "type": "Point",
        "coordinates": [
          9.9010209,
          47.4690514
        ]
      },
      "id": "node/11012702244"
    },
    {
      "type": "Feature",
      "properties": {
        "@id": "node/11012702245",
        "emergency": "fire_hydrant",
        "fire_hydrant:type": "pillar"
      },
      "geometry": {
        "type": "Point",
        "coordinates": [
          9.9248308,
          47.4512631
        ]
      },
      "id": "node/11012702245"
    },
    {
      "type": "Feature",
      "properties": {
        "@id": "node/11012702247",
        "emergency": "fire_hydrant",
        "fire_hydrant:type": "pillar"
      },
      "geometry": {
        "type": "Point",
        "coordinates": [
          9.9322848,
          47.5048858
        ]
      },
      "id": "node/11012702247"
    },
    {
      "type": "Feature",
      "properties": {
        "@id": "node/11012702249",
        "emergency": "fire_hydrant",
        "fire_hydrant:type": "pillar"
      },
      "geometry": {
        "type": "Point",
        "coordinates": [
          9.9193715,
          47.4325513
        ]
      },
      "id": "node/11012702249"
    },
    {
      "type": "Feature",
      "properties": {
        "@id": "node/11012702251",
        "emergency": "fire_hydrant",
        "fire_hydrant:type": "pillar"
      },
      "geometry": {
        "type": "Point",
        "coordinates": [
          9.9291883,
          47.5175844
        ]
      },
      "id": "node/11012702251"
    },
    {
      "type": "Feature",
      "properties": {
        "@id": "node/11012702253",
        "emergency": "fire_hydrant",
        "fire_hydrant:type": "pillar"
      },
      "geometry": {
        "type": "Point",
        "coordinates": [
          9.8323659,
          47.4759299
        ]
      },
      "id": "node/11012702253"
    },
    {
      "type": "Feature",
      "properties": {
        "@id": "node/11012702254",
        "emergency": "fire_hydrant",
        "fire_hydrant:type": "pillar"
      },
      "geometry": {
        "type": "Point",
        "coordinates": [
          9.9785011,
          47.5065407
        ]
      },
      "id": "node/11012702254"
    },
    {
      "type": "Feature",
      "properties": {
        "@id": "node/11012702255",
        "emergency": "fire_hydrant",
        "fire_hydrant:type": "pillar"
      },
      "geometry": {
        "type": "Point",
        "coordinates": [
          9.8344639,
          47.4656338
        ]
      },
      "id": "node/11012702255"
    },
    {
      "type": "Feature",
      "properties": {
        "@id": "node/11012702256",
        "emergency": "fire_hydrant",
        "fire_hydrant:type": "pillar"
      },
      "geometry": {
        "type": "Point",
        "coordinates": [
          9.9036142,
          47.4749285
        ]
      },
      "id": "node/11012702256"
    },
    {
      "type": "Feature",
      "properties": {
        "@id": "node/11012702257",
        "emergency": "fire_hydrant",
        "fire_hydrant:type": "pillar"
      },
      "geometry": {
        "type": "Point",
        "coordinates": [
          9.8946127,
          47.4963432
        ]
      },
      "id": "node/11012702257"
    },
    {
      "type": "Feature",
      "properties": {
        "@id": "node/11012702258",
        "emergency": "fire_hydrant",
        "fire_hydrant:position": "green",
        "fire_hydrant:type": "pillar"
      },
      "geometry": {
        "type": "Point",
        "coordinates": [
          9.9638574,
          47.4590099
        ]
      },
      "id": "node/11012702258"
    },
    {
      "type": "Feature",
      "properties": {
        "@id": "node/11012702259",
        "emergency": "fire_hydrant",
        "fire_hydrant:type": "pillar"
      },
      "geometry": {
        "type": "Point",
        "coordinates": [
          9.9569579,
          47.4547855
        ]
      },
      "id": "node/11012702259"
    },
    {
      "type": "Feature",
      "properties": {
        "@id": "node/11012702261",
        "emergency": "fire_hydrant",
        "fire_hydrant:type": "pillar"
      },
      "geometry": {
        "type": "Point",
        "coordinates": [
          9.8299164,
          47.4558054
        ]
      },
      "id": "node/11012702261"
    },
    {
      "type": "Feature",
      "properties": {
        "@id": "node/11012702262",
        "emergency": "fire_hydrant",
        "fire_hydrant:type": "pillar"
      },
      "geometry": {
        "type": "Point",
        "coordinates": [
          9.8752727,
          47.4278202
        ]
      },
      "id": "node/11012702262"
    },
    {
      "type": "Feature",
      "properties": {
        "@id": "node/11012702263",
        "emergency": "fire_hydrant",
        "fire_hydrant:type": "pillar"
      },
      "geometry": {
        "type": "Point",
        "coordinates": [
          9.952172,
          47.4999155
        ]
      },
      "id": "node/11012702263"
    },
    {
      "type": "Feature",
      "properties": {
        "@id": "node/11012702264",
        "emergency": "fire_hydrant",
        "fire_hydrant:type": "pillar"
      },
      "geometry": {
        "type": "Point",
        "coordinates": [
          9.8645266,
          47.45609
        ]
      },
      "id": "node/11012702264"
    },
    {
      "type": "Feature",
      "properties": {
        "@id": "node/11012702265",
        "emergency": "fire_hydrant",
        "fire_hydrant:position": "green",
        "fire_hydrant:type": "pillar"
      },
      "geometry": {
        "type": "Point",
        "coordinates": [
          9.8801809,
          47.4571053
        ]
      },
      "id": "node/11012702265"
    },
    {
      "type": "Feature",
      "properties": {
        "@id": "node/11012702267",
        "emergency": "fire_hydrant",
        "fire_hydrant:type": "pillar"
      },
      "geometry": {
        "type": "Point",
        "coordinates": [
          9.8740216,
          47.4529644
        ]
      },
      "id": "node/11012702267"
    },
    {
      "type": "Feature",
      "properties": {
        "@id": "node/11012702268",
        "emergency": "fire_hydrant",
        "fire_hydrant:type": "pillar"
      },
      "geometry": {
        "type": "Point",
        "coordinates": [
          9.9090412,
          47.5204189
        ]
      },
      "id": "node/11012702268"
    },
    {
      "type": "Feature",
      "properties": {
        "@id": "node/11012702269",
        "emergency": "fire_hydrant",
        "fire_hydrant:type": "pillar"
      },
      "geometry": {
        "type": "Point",
        "coordinates": [
          9.8976037,
          47.4312152
        ]
      },
      "id": "node/11012702269"
    },
    {
      "type": "Feature",
      "properties": {
        "@id": "node/11012702270",
        "emergency": "fire_hydrant",
        "fire_hydrant:type": "pillar"
      },
      "geometry": {
        "type": "Point",
        "coordinates": [
          9.8941788,
          47.434435
        ]
      },
      "id": "node/11012702270"
    },
    {
      "type": "Feature",
      "properties": {
        "@id": "node/11012702271",
        "emergency": "fire_hydrant",
        "fire_hydrant:type": "pillar"
      },
      "geometry": {
        "type": "Point",
        "coordinates": [
          9.810309,
          47.449588
        ]
      },
      "id": "node/11012702271"
    },
    {
      "type": "Feature",
      "properties": {
        "@id": "node/11012702272",
        "emergency": "fire_hydrant",
        "fire_hydrant:type": "pillar"
      },
      "geometry": {
        "type": "Point",
        "coordinates": [
          9.9505596,
          47.4529149
        ]
      },
      "id": "node/11012702272"
    },
    {
      "type": "Feature",
      "properties": {
        "@id": "node/11012702273",
        "emergency": "fire_hydrant",
        "fire_hydrant:type": "pillar"
      },
      "geometry": {
        "type": "Point",
        "coordinates": [
          9.9063659,
          47.4966755
        ]
      },
      "id": "node/11012702273"
    },
    {
      "type": "Feature",
      "properties": {
        "@id": "node/11012702275",
        "emergency": "fire_hydrant",
        "fire_hydrant:type": "pillar"
      },
      "geometry": {
        "type": "Point",
        "coordinates": [
          9.8303913,
          47.472344
        ]
      },
      "id": "node/11012702275"
    },
    {
      "type": "Feature",
      "properties": {
        "@id": "node/11012702276",
        "emergency": "fire_hydrant",
        "fire_hydrant:type": "pillar"
      },
      "geometry": {
        "type": "Point",
        "coordinates": [
          9.9066169,
          47.4636352
        ]
      },
      "id": "node/11012702276"
    },
    {
      "type": "Feature",
      "properties": {
        "@id": "node/11012702277",
        "emergency": "fire_hydrant",
        "fire_hydrant:type": "pillar"
      },
      "geometry": {
        "type": "Point",
        "coordinates": [
          9.8554298,
          47.4566547
        ]
      },
      "id": "node/11012702277"
    },
    {
      "type": "Feature",
      "properties": {
        "@id": "node/11012702278",
        "emergency": "fire_hydrant",
        "fire_hydrant:type": "pillar"
      },
      "geometry": {
        "type": "Point",
        "coordinates": [
          9.8948037,
          47.4281492
        ]
      },
      "id": "node/11012702278"
    },
    {
      "type": "Feature",
      "properties": {
        "@id": "node/11012702279",
        "emergency": "fire_hydrant",
        "fire_hydrant:type": "pillar"
      },
      "geometry": {
        "type": "Point",
        "coordinates": [
          9.8380553,
          47.4519312
        ]
      },
      "id": "node/11012702279"
    },
    {
      "type": "Feature",
      "properties": {
        "@id": "node/11012702280",
        "emergency": "fire_hydrant",
        "fire_hydrant:type": "pillar"
      },
      "geometry": {
        "type": "Point",
        "coordinates": [
          9.9522735,
          47.4888499
        ]
      },
      "id": "node/11012702280"
    },
    {
      "type": "Feature",
      "properties": {
        "@id": "node/11012702281",
        "emergency": "fire_hydrant",
        "fire_hydrant:type": "pillar"
      },
      "geometry": {
        "type": "Point",
        "coordinates": [
          9.9791712,
          47.5093093
        ]
      },
      "id": "node/11012702281"
    },
    {
      "type": "Feature",
      "properties": {
        "@id": "node/11012702282",
        "emergency": "fire_hydrant",
        "fire_hydrant:type": "pillar"
      },
      "geometry": {
        "type": "Point",
        "coordinates": [
          9.8761276,
          47.4919358
        ]
      },
      "id": "node/11012702282"
    },
    {
      "type": "Feature",
      "properties": {
        "@id": "node/11012702283",
        "emergency": "fire_hydrant",
        "fire_hydrant:type": "pillar"
      },
      "geometry": {
        "type": "Point",
        "coordinates": [
          9.8298859,
          47.4578033
        ]
      },
      "id": "node/11012702283"
    },
    {
      "type": "Feature",
      "properties": {
        "@id": "node/11012702284",
        "emergency": "fire_hydrant",
        "fire_hydrant:position": "green",
        "fire_hydrant:type": "pillar"
      },
      "geometry": {
        "type": "Point",
        "coordinates": [
          9.927871,
          47.4529561
        ]
      },
      "id": "node/11012702284"
    },
    {
      "type": "Feature",
      "properties": {
        "@id": "node/11012702285",
        "emergency": "fire_hydrant",
        "fire_hydrant:type": "pillar"
      },
      "geometry": {
        "type": "Point",
        "coordinates": [
          9.8931917,
          47.4641193
        ]
      },
      "id": "node/11012702285"
    },
    {
      "type": "Feature",
      "properties": {
        "@id": "node/11012702288",
        "emergency": "fire_hydrant",
        "fire_hydrant:type": "pillar"
      },
      "geometry": {
        "type": "Point",
        "coordinates": [
          9.9536761,
          47.4555955
        ]
      },
      "id": "node/11012702288"
    },
    {
      "type": "Feature",
      "properties": {
        "@id": "node/11012702289",
        "emergency": "fire_hydrant",
        "fire_hydrant:type": "pillar"
      },
      "geometry": {
        "type": "Point",
        "coordinates": [
          9.896295,
          47.4288194
        ]
      },
      "id": "node/11012702289"
    },
    {
      "type": "Feature",
      "properties": {
        "@id": "node/11012702290",
        "emergency": "fire_hydrant",
        "fire_hydrant:type": "pillar"
      },
      "geometry": {
        "type": "Point",
        "coordinates": [
          9.8967676,
          47.4966592
        ]
      },
      "id": "node/11012702290"
    },
    {
      "type": "Feature",
      "properties": {
        "@id": "node/11012702291",
        "emergency": "fire_hydrant",
        "fire_hydrant:type": "pillar"
      },
      "geometry": {
        "type": "Point",
        "coordinates": [
          9.8632885,
          47.5042091
        ]
      },
      "id": "node/11012702291"
    },
    {
      "type": "Feature",
      "properties": {
        "@id": "node/11012702292",
        "emergency": "fire_hydrant",
        "fire_hydrant:type": "pillar"
      },
      "geometry": {
        "type": "Point",
        "coordinates": [
          9.9066134,
          47.4302493
        ]
      },
      "id": "node/11012702292"
    },
    {
      "type": "Feature",
      "properties": {
        "@id": "node/11012702293",
        "emergency": "fire_hydrant",
        "fire_hydrant:type": "pillar"
      },
      "geometry": {
        "type": "Point",
        "coordinates": [
          9.9598851,
          47.457624
        ]
      },
      "id": "node/11012702293"
    },
    {
      "type": "Feature",
      "properties": {
        "@id": "node/11012702294",
        "emergency": "fire_hydrant",
        "fire_hydrant:type": "pillar"
      },
      "geometry": {
        "type": "Point",
        "coordinates": [
          9.8835137,
          47.4521065
        ]
      },
      "id": "node/11012702294"
    },
    {
      "type": "Feature",
      "properties": {
        "@id": "node/11012702296",
        "emergency": "fire_hydrant",
        "fire_hydrant:type": "pillar"
      },
      "geometry": {
        "type": "Point",
        "coordinates": [
          9.9575495,
          47.4566937
        ]
      },
      "id": "node/11012702296"
    },
    {
      "type": "Feature",
      "properties": {
        "@id": "node/11012702297",
        "emergency": "fire_hydrant",
        "fire_hydrant:type": "pillar"
      },
      "geometry": {
        "type": "Point",
        "coordinates": [
          9.8737764,
          47.4545013
        ]
      },
      "id": "node/11012702297"
    },
    {
      "type": "Feature",
      "properties": {
        "@id": "node/11012702299",
        "emergency": "fire_hydrant",
        "fire_hydrant:type": "pillar"
      },
      "geometry": {
        "type": "Point",
        "coordinates": [
          9.921967,
          47.4502653
        ]
      },
      "id": "node/11012702299"
    },
    {
      "type": "Feature",
      "properties": {
        "@id": "node/11012702300",
        "emergency": "fire_hydrant",
        "fire_hydrant:type": "pillar"
      },
      "geometry": {
        "type": "Point",
        "coordinates": [
          9.8286319,
          47.4671855
        ]
      },
      "id": "node/11012702300"
    },
    {
      "type": "Feature",
      "properties": {
        "@id": "node/11012702301",
        "emergency": "fire_hydrant",
        "fire_hydrant:type": "pillar"
      },
      "geometry": {
        "type": "Point",
        "coordinates": [
          9.8736065,
          47.4585623
        ]
      },
      "id": "node/11012702301"
    },
    {
      "type": "Feature",
      "properties": {
        "@id": "node/11012702303",
        "emergency": "fire_hydrant",
        "fire_hydrant:type": "pillar"
      },
      "geometry": {
        "type": "Point",
        "coordinates": [
          9.9170855,
          47.4801108
        ]
      },
      "id": "node/11012702303"
    },
    {
      "type": "Feature",
      "properties": {
        "@id": "node/11012702304",
        "emergency": "fire_hydrant",
        "fire_hydrant:type": "pillar"
      },
      "geometry": {
        "type": "Point",
        "coordinates": [
          9.9088811,
          47.4643131
        ]
      },
      "id": "node/11012702304"
    },
    {
      "type": "Feature",
      "properties": {
        "@id": "node/11012702307",
        "emergency": "fire_hydrant",
        "fire_hydrant:type": "pillar"
      },
      "geometry": {
        "type": "Point",
        "coordinates": [
          9.9143291,
          47.5217188
        ]
      },
      "id": "node/11012702307"
    },
    {
      "type": "Feature",
      "properties": {
        "@id": "node/11012702309",
        "emergency": "fire_hydrant",
        "fire_hydrant:type": "pillar"
      },
      "geometry": {
        "type": "Point",
        "coordinates": [
          9.912661,
          47.4663695
        ]
      },
      "id": "node/11012702309"
    },
    {
      "type": "Feature",
      "properties": {
        "@id": "node/11012702310",
        "emergency": "fire_hydrant",
        "fire_hydrant:type": "pillar"
      },
      "geometry": {
        "type": "Point",
        "coordinates": [
          9.8975267,
          47.4538211
        ]
      },
      "id": "node/11012702310"
    },
    {
      "type": "Feature",
      "properties": {
        "@id": "node/11012702311",
        "emergency": "fire_hydrant",
        "fire_hydrant:type": "pillar"
      },
      "geometry": {
        "type": "Point",
        "coordinates": [
          9.9464029,
          47.483103
        ]
      },
      "id": "node/11012702311"
    },
    {
      "type": "Feature",
      "properties": {
        "@id": "node/11012702312",
        "emergency": "fire_hydrant",
        "fire_hydrant:type": "pillar"
      },
      "geometry": {
        "type": "Point",
        "coordinates": [
          9.8821628,
          47.4563525
        ]
      },
      "id": "node/11012702312"
    },
    {
      "type": "Feature",
      "properties": {
        "@id": "node/11012702313",
        "emergency": "fire_hydrant",
        "fire_hydrant:type": "pillar"
      },
      "geometry": {
        "type": "Point",
        "coordinates": [
          9.9055887,
          47.5159949
        ]
      },
      "id": "node/11012702313"
    },
    {
      "type": "Feature",
      "properties": {
        "@id": "node/11012702316",
        "emergency": "fire_hydrant",
        "fire_hydrant:type": "pillar"
      },
      "geometry": {
        "type": "Point",
        "coordinates": [
          9.8346747,
          47.4526409
        ]
      },
      "id": "node/11012702316"
    },
    {
      "type": "Feature",
      "properties": {
        "@id": "node/11012702317",
        "emergency": "fire_hydrant",
        "fire_hydrant:type": "pillar"
      },
      "geometry": {
        "type": "Point",
        "coordinates": [
          9.9268904,
          47.4491626
        ]
      },
      "id": "node/11012702317"
    },
    {
      "type": "Feature",
      "properties": {
        "@id": "node/11012702319",
        "emergency": "fire_hydrant",
        "fire_hydrant:type": "pillar"
      },
      "geometry": {
        "type": "Point",
        "coordinates": [
          9.9026351,
          47.512103
        ]
      },
      "id": "node/11012702319"
    },
    {
      "type": "Feature",
      "properties": {
        "@id": "node/11012702320",
        "emergency": "fire_hydrant",
        "fire_hydrant:type": "pillar"
      },
      "geometry": {
        "type": "Point",
        "coordinates": [
          9.9555326,
          47.456812
        ]
      },
      "id": "node/11012702320"
    },
    {
      "type": "Feature",
      "properties": {
        "@id": "node/11012702321",
        "emergency": "fire_hydrant",
        "fire_hydrant:type": "pillar"
      },
      "geometry": {
        "type": "Point",
        "coordinates": [
          9.8954611,
          47.4345727
        ]
      },
      "id": "node/11012702321"
    },
    {
      "type": "Feature",
      "properties": {
        "@id": "node/11012702322",
        "emergency": "fire_hydrant",
        "fire_hydrant:position": "green",
        "fire_hydrant:type": "pillar"
      },
      "geometry": {
        "type": "Point",
        "coordinates": [
          9.9854673,
          47.4642319
        ]
      },
      "id": "node/11012702322"
    },
    {
      "type": "Feature",
      "properties": {
        "@id": "node/11012702323",
        "emergency": "fire_hydrant",
        "fire_hydrant:type": "pillar"
      },
      "geometry": {
        "type": "Point",
        "coordinates": [
          9.910951,
          47.5202353
        ]
      },
      "id": "node/11012702323"
    },
    {
      "type": "Feature",
      "properties": {
        "@id": "node/11012702324",
        "emergency": "fire_hydrant",
        "fire_hydrant:type": "pillar"
      },
      "geometry": {
        "type": "Point",
        "coordinates": [
          9.8902032,
          47.4947913
        ]
      },
      "id": "node/11012702324"
    },
    {
      "type": "Feature",
      "properties": {
        "@id": "node/11012702326",
        "emergency": "fire_hydrant",
        "fire_hydrant:type": "pillar"
      },
      "geometry": {
        "type": "Point",
        "coordinates": [
          9.8155846,
          47.4437888
        ]
      },
      "id": "node/11012702326"
    },
    {
      "type": "Feature",
      "properties": {
        "@id": "node/11012702327",
        "emergency": "fire_hydrant",
        "fire_hydrant:type": "pillar"
      },
      "geometry": {
        "type": "Point",
        "coordinates": [
          9.9198444,
          47.4516511
        ]
      },
      "id": "node/11012702327"
    },
    {
      "type": "Feature",
      "properties": {
        "@id": "node/11012702329",
        "emergency": "fire_hydrant",
        "fire_hydrant:type": "pillar"
      },
      "geometry": {
        "type": "Point",
        "coordinates": [
          9.9066069,
          47.4644411
        ]
      },
      "id": "node/11012702329"
    },
    {
      "type": "Feature",
      "properties": {
        "@id": "node/11012702330",
        "emergency": "fire_hydrant",
        "fire_hydrant:type": "pillar"
      },
      "geometry": {
        "type": "Point",
        "coordinates": [
          9.8295043,
          47.4502285
        ]
      },
      "id": "node/11012702330"
    },
    {
      "type": "Feature",
      "properties": {
        "@id": "node/11012702331",
        "emergency": "fire_hydrant",
        "fire_hydrant:type": "pillar"
      },
      "geometry": {
        "type": "Point",
        "coordinates": [
          9.9067802,
          47.4797582
        ]
      },
      "id": "node/11012702331"
    },
    {
      "type": "Feature",
      "properties": {
        "@id": "node/11012702332",
        "emergency": "fire_hydrant",
        "fire_hydrant:type": "pillar"
      },
      "geometry": {
        "type": "Point",
        "coordinates": [
          9.8531549,
          47.4915812
        ]
      },
      "id": "node/11012702332"
    },
    {
      "type": "Feature",
      "properties": {
        "@id": "node/11012702334",
        "emergency": "fire_hydrant",
        "fire_hydrant:position": "green",
        "fire_hydrant:type": "pillar"
      },
      "geometry": {
        "type": "Point",
        "coordinates": [
          9.9932306,
          47.4653792
        ]
      },
      "id": "node/11012702334"
    },
    {
      "type": "Feature",
      "properties": {
        "@id": "node/11012702336",
        "emergency": "fire_hydrant",
        "fire_hydrant:type": "pillar"
      },
      "geometry": {
        "type": "Point",
        "coordinates": [
          9.936017,
          47.4839431
        ]
      },
      "id": "node/11012702336"
    },
    {
      "type": "Feature",
      "properties": {
        "@id": "node/11012702337",
        "emergency": "fire_hydrant",
        "fire_hydrant:type": "pillar"
      },
      "geometry": {
        "type": "Point",
        "coordinates": [
          9.8701873,
          47.4943199
        ]
      },
      "id": "node/11012702337"
    },
    {
      "type": "Feature",
      "properties": {
        "@id": "node/11012702339",
        "emergency": "fire_hydrant",
        "fire_hydrant:type": "pillar"
      },
      "geometry": {
        "type": "Point",
        "coordinates": [
          9.8272178,
          47.4514088
        ]
      },
      "id": "node/11012702339"
    },
    {
      "type": "Feature",
      "properties": {
        "@id": "node/11012702340",
        "emergency": "fire_hydrant",
        "fire_hydrant:type": "pillar"
      },
      "geometry": {
        "type": "Point",
        "coordinates": [
          9.9123057,
          47.4694121
        ]
      },
      "id": "node/11012702340"
    },
    {
      "type": "Feature",
      "properties": {
        "@id": "node/11012702341",
        "emergency": "fire_hydrant",
        "fire_hydrant:type": "pillar"
      },
      "geometry": {
        "type": "Point",
        "coordinates": [
          9.8301423,
          47.4504185
        ]
      },
      "id": "node/11012702341"
    },
    {
      "type": "Feature",
      "properties": {
        "@id": "node/11012702342",
        "emergency": "fire_hydrant",
        "fire_hydrant:position": "green",
        "fire_hydrant:type": "pillar"
      },
      "geometry": {
        "type": "Point",
        "coordinates": [
          9.9215703,
          47.4520073
        ]
      },
      "id": "node/11012702342"
    },
    {
      "type": "Feature",
      "properties": {
        "@id": "node/11012702343",
        "emergency": "fire_hydrant",
        "fire_hydrant:type": "pillar"
      },
      "geometry": {
        "type": "Point",
        "coordinates": [
          9.9601058,
          47.4623507
        ]
      },
      "id": "node/11012702343"
    },
    {
      "type": "Feature",
      "properties": {
        "@id": "node/11012702344",
        "emergency": "fire_hydrant",
        "fire_hydrant:type": "pillar"
      },
      "geometry": {
        "type": "Point",
        "coordinates": [
          9.837781,
          47.4756984
        ]
      },
      "id": "node/11012702344"
    },
    {
      "type": "Feature",
      "properties": {
        "@id": "node/11012702345",
        "emergency": "fire_hydrant",
        "fire_hydrant:type": "pillar"
      },
      "geometry": {
        "type": "Point",
        "coordinates": [
          9.869162,
          47.4563867
        ]
      },
      "id": "node/11012702345"
    },
    {
      "type": "Feature",
      "properties": {
        "@id": "node/11012702346",
        "emergency": "fire_hydrant",
        "fire_hydrant:type": "pillar"
      },
      "geometry": {
        "type": "Point",
        "coordinates": [
          9.9163088,
          47.4708527
        ]
      },
      "id": "node/11012702346"
    },
    {
      "type": "Feature",
      "properties": {
        "@id": "node/11012702347",
        "emergency": "fire_hydrant",
        "fire_hydrant:type": "pillar"
      },
      "geometry": {
        "type": "Point",
        "coordinates": [
          9.9206823,
          47.4502369
        ]
      },
      "id": "node/11012702347"
    },
    {
      "type": "Feature",
      "properties": {
        "@id": "node/11012702348",
        "emergency": "fire_hydrant",
        "fire_hydrant:type": "pillar"
      },
      "geometry": {
        "type": "Point",
        "coordinates": [
          9.8985542,
          47.4702091
        ]
      },
      "id": "node/11012702348"
    },
    {
      "type": "Feature",
      "properties": {
        "@id": "node/11012702349",
        "emergency": "fire_hydrant",
        "fire_hydrant:type": "pillar"
      },
      "geometry": {
        "type": "Point",
        "coordinates": [
          9.9198076,
          47.451422
        ]
      },
      "id": "node/11012702349"
    },
    {
      "type": "Feature",
      "properties": {
        "@id": "node/11012702350",
        "emergency": "fire_hydrant",
        "fire_hydrant:type": "pillar"
      },
      "geometry": {
        "type": "Point",
        "coordinates": [
          9.8395506,
          47.4529352
        ]
      },
      "id": "node/11012702350"
    },
    {
      "type": "Feature",
      "properties": {
        "@id": "node/11012702351",
        "emergency": "fire_hydrant",
        "fire_hydrant:type": "pillar"
      },
      "geometry": {
        "type": "Point",
        "coordinates": [
          9.9232627,
          47.4879281
        ]
      },
      "id": "node/11012702351"
    },
    {
      "type": "Feature",
      "properties": {
        "@id": "node/11012702352",
        "emergency": "fire_hydrant",
        "fire_hydrant:position": "lane",
        "fire_hydrant:type": "pillar"
      },
      "geometry": {
        "type": "Point",
        "coordinates": [
          9.9201638,
          47.4505135
        ]
      },
      "id": "node/11012702352"
    },
    {
      "type": "Feature",
      "properties": {
        "@id": "node/11012702354",
        "emergency": "fire_hydrant",
        "fire_hydrant:type": "pillar"
      },
      "geometry": {
        "type": "Point",
        "coordinates": [
          9.850556,
          47.4573905
        ]
      },
      "id": "node/11012702354"
    },
    {
      "type": "Feature",
      "properties": {
        "@id": "node/11012702355",
        "emergency": "fire_hydrant",
        "fire_hydrant:type": "pillar"
      },
      "geometry": {
        "type": "Point",
        "coordinates": [
          9.8499985,
          47.4565575
        ]
      },
      "id": "node/11012702355"
    },
    {
      "type": "Feature",
      "properties": {
        "@id": "node/11012702356",
        "emergency": "fire_hydrant",
        "fire_hydrant:type": "pillar"
      },
      "geometry": {
        "type": "Point",
        "coordinates": [
          9.8596732,
          47.4896362
        ]
      },
      "id": "node/11012702356"
    },
    {
      "type": "Feature",
      "properties": {
        "@id": "node/11012702357",
        "emergency": "fire_hydrant",
        "fire_hydrant:type": "pillar"
      },
      "geometry": {
        "type": "Point",
        "coordinates": [
          9.959884,
          47.5058245
        ]
      },
      "id": "node/11012702357"
    },
    {
      "type": "Feature",
      "properties": {
        "@id": "node/11012702358",
        "emergency": "fire_hydrant",
        "fire_hydrant:type": "pillar"
      },
      "geometry": {
        "type": "Point",
        "coordinates": [
          9.8934649,
          47.4957465
        ]
      },
      "id": "node/11012702358"
    },
    {
      "type": "Feature",
      "properties": {
        "@id": "node/11012702361",
        "emergency": "fire_hydrant",
        "fire_hydrant:type": "pillar"
      },
      "geometry": {
        "type": "Point",
        "coordinates": [
          9.9551435,
          47.5060711
        ]
      },
      "id": "node/11012702361"
    },
    {
      "type": "Feature",
      "properties": {
        "@id": "node/11012702362",
        "emergency": "fire_hydrant",
        "fire_hydrant:type": "pillar"
      },
      "geometry": {
        "type": "Point",
        "coordinates": [
          9.8955039,
          47.4933268
        ]
      },
      "id": "node/11012702362"
    },
    {
      "type": "Feature",
      "properties": {
        "@id": "node/11012702364",
        "emergency": "fire_hydrant",
        "fire_hydrant:type": "pillar"
      },
      "geometry": {
        "type": "Point",
        "coordinates": [
          9.9689501,
          47.4533154
        ]
      },
      "id": "node/11012702364"
    },
    {
      "type": "Feature",
      "properties": {
        "@id": "node/11012702365",
        "emergency": "fire_hydrant",
        "fire_hydrant:type": "pillar"
      },
      "geometry": {
        "type": "Point",
        "coordinates": [
          9.9781698,
          47.5082617
        ]
      },
      "id": "node/11012702365"
    },
    {
      "type": "Feature",
      "properties": {
        "@id": "node/11012702366",
        "emergency": "fire_hydrant",
        "fire_hydrant:type": "pillar"
      },
      "geometry": {
        "type": "Point",
        "coordinates": [
          9.9431964,
          47.4760995
        ]
      },
      "id": "node/11012702366"
    },
    {
      "type": "Feature",
      "properties": {
        "@id": "node/11012702370",
        "emergency": "fire_hydrant",
        "fire_hydrant:type": "pillar"
      },
      "geometry": {
        "type": "Point",
        "coordinates": [
          9.8753574,
          47.4255443
        ]
      },
      "id": "node/11012702370"
    },
    {
      "type": "Feature",
      "properties": {
        "@id": "node/11012702371",
        "emergency": "fire_hydrant",
        "fire_hydrant:type": "pillar"
      },
      "geometry": {
        "type": "Point",
        "coordinates": [
          9.9267798,
          47.4816224
        ]
      },
      "id": "node/11012702371"
    },
    {
      "type": "Feature",
      "properties": {
        "@id": "node/11012702372",
        "emergency": "fire_hydrant",
        "fire_hydrant:type": "pillar"
      },
      "geometry": {
        "type": "Point",
        "coordinates": [
          9.982303,
          47.5092919
        ]
      },
      "id": "node/11012702372"
    },
    {
      "type": "Feature",
      "properties": {
        "@id": "node/11012702373",
        "emergency": "fire_hydrant",
        "fire_hydrant:type": "pillar"
      },
      "geometry": {
        "type": "Point",
        "coordinates": [
          9.92261,
          47.4444298
        ]
      },
      "id": "node/11012702373"
    },
    {
      "type": "Feature",
      "properties": {
        "@id": "node/11012702374",
        "emergency": "fire_hydrant",
        "fire_hydrant:type": "pillar"
      },
      "geometry": {
        "type": "Point",
        "coordinates": [
          9.9551222,
          47.4677834
        ]
      },
      "id": "node/11012702374"
    },
    {
      "type": "Feature",
      "properties": {
        "@id": "node/11012702375",
        "emergency": "fire_hydrant",
        "fire_hydrant:type": "pillar"
      },
      "geometry": {
        "type": "Point",
        "coordinates": [
          9.9121282,
          47.5210763
        ]
      },
      "id": "node/11012702375"
    },
    {
      "type": "Feature",
      "properties": {
        "@id": "node/11012702376",
        "emergency": "fire_hydrant",
        "fire_hydrant:position": "green",
        "fire_hydrant:type": "pillar"
      },
      "geometry": {
        "type": "Point",
        "coordinates": [
          9.9615095,
          47.4572418
        ]
      },
      "id": "node/11012702376"
    },
    {
      "type": "Feature",
      "properties": {
        "@id": "node/11012702377",
        "emergency": "fire_hydrant",
        "fire_hydrant:type": "pillar"
      },
      "geometry": {
        "type": "Point",
        "coordinates": [
          9.9086599,
          47.5188706
        ]
      },
      "id": "node/11012702377"
    },
    {
      "type": "Feature",
      "properties": {
        "@id": "node/11012702378",
        "emergency": "fire_hydrant",
        "fire_hydrant:type": "pillar"
      },
      "geometry": {
        "type": "Point",
        "coordinates": [
          9.9393449,
          47.5010571
        ]
      },
      "id": "node/11012702378"
    },
    {
      "type": "Feature",
      "properties": {
        "@id": "node/11012702379",
        "emergency": "fire_hydrant",
        "fire_hydrant:type": "pillar"
      },
      "geometry": {
        "type": "Point",
        "coordinates": [
          9.9572852,
          47.4990052
        ]
      },
      "id": "node/11012702379"
    },
    {
      "type": "Feature",
      "properties": {
        "@id": "node/11012702380",
        "emergency": "fire_hydrant",
        "fire_hydrant:type": "pillar"
      },
      "geometry": {
        "type": "Point",
        "coordinates": [
          9.9323408,
          47.439419
        ]
      },
      "id": "node/11012702380"
    },
    {
      "type": "Feature",
      "properties": {
        "@id": "node/11012702381",
        "emergency": "fire_hydrant",
        "fire_hydrant:type": "pillar"
      },
      "geometry": {
        "type": "Point",
        "coordinates": [
          9.8788758,
          47.454998
        ]
      },
      "id": "node/11012702381"
    },
    {
      "type": "Feature",
      "properties": {
        "@id": "node/11012702383",
        "emergency": "fire_hydrant",
        "fire_hydrant:type": "pillar"
      },
      "geometry": {
        "type": "Point",
        "coordinates": [
          9.91461,
          47.4804202
        ]
      },
      "id": "node/11012702383"
    },
    {
      "type": "Feature",
      "properties": {
        "@id": "node/11012702384",
        "emergency": "fire_hydrant",
        "fire_hydrant:type": "pillar"
      },
      "geometry": {
        "type": "Point",
        "coordinates": [
          9.8598033,
          47.4705672
        ]
      },
      "id": "node/11012702384"
    },
    {
      "type": "Feature",
      "properties": {
        "@id": "node/11012702385",
        "emergency": "fire_hydrant",
        "fire_hydrant:type": "pillar"
      },
      "geometry": {
        "type": "Point",
        "coordinates": [
          9.9381141,
          47.4894206
        ]
      },
      "id": "node/11012702385"
    },
    {
      "type": "Feature",
      "properties": {
        "@id": "node/11012702387",
        "emergency": "fire_hydrant",
        "fire_hydrant:type": "pillar"
      },
      "geometry": {
        "type": "Point",
        "coordinates": [
          9.8229627,
          47.4473486
        ]
      },
      "id": "node/11012702387"
    },
    {
      "type": "Feature",
      "properties": {
        "@id": "node/11012702388",
        "emergency": "fire_hydrant",
        "fire_hydrant:type": "pillar"
      },
      "geometry": {
        "type": "Point",
        "coordinates": [
          9.8985,
          47.4946272
        ]
      },
      "id": "node/11012702388"
    },
    {
      "type": "Feature",
      "properties": {
        "@id": "node/11012702389",
        "emergency": "fire_hydrant",
        "fire_hydrant:type": "pillar"
      },
      "geometry": {
        "type": "Point",
        "coordinates": [
          9.9177969,
          47.5221447
        ]
      },
      "id": "node/11012702389"
    },
    {
      "type": "Feature",
      "properties": {
        "@id": "node/11012702391",
        "emergency": "fire_hydrant",
        "fire_hydrant:position": "green",
        "fire_hydrant:type": "pillar"
      },
      "geometry": {
        "type": "Point",
        "coordinates": [
          9.9204823,
          47.4477454
        ]
      },
      "id": "node/11012702391"
    },
    {
      "type": "Feature",
      "properties": {
        "@id": "node/11012702392",
        "emergency": "fire_hydrant",
        "fire_hydrant:type": "pillar"
      },
      "geometry": {
        "type": "Point",
        "coordinates": [
          9.9488556,
          47.4903925
        ]
      },
      "id": "node/11012702392"
    },
    {
      "type": "Feature",
      "properties": {
        "@id": "node/11012702393",
        "emergency": "fire_hydrant",
        "fire_hydrant:type": "pillar"
      },
      "geometry": {
        "type": "Point",
        "coordinates": [
          9.8806569,
          47.4538462
        ]
      },
      "id": "node/11012702393"
    },
    {
      "type": "Feature",
      "properties": {
        "@id": "node/11012702395",
        "emergency": "fire_hydrant",
        "fire_hydrant:type": "pillar"
      },
      "geometry": {
        "type": "Point",
        "coordinates": [
          9.887742,
          47.4977589
        ]
      },
      "id": "node/11012702395"
    },
    {
      "type": "Feature",
      "properties": {
        "@id": "node/11012702396",
        "emergency": "fire_hydrant",
        "fire_hydrant:type": "pillar"
      },
      "geometry": {
        "type": "Point",
        "coordinates": [
          9.897523,
          47.4501068
        ]
      },
      "id": "node/11012702396"
    },
    {
      "type": "Feature",
      "properties": {
        "@id": "node/11012702397",
        "emergency": "fire_hydrant",
        "fire_hydrant:type": "pillar"
      },
      "geometry": {
        "type": "Point",
        "coordinates": [
          9.9520724,
          47.5108642
        ]
      },
      "id": "node/11012702397"
    },
    {
      "type": "Feature",
      "properties": {
        "@id": "node/11012702398",
        "emergency": "fire_hydrant",
        "fire_hydrant:position": "green",
        "fire_hydrant:type": "pillar"
      },
      "geometry": {
        "type": "Point",
        "coordinates": [
          9.9016726,
          47.4487221
        ]
      },
      "id": "node/11012702398"
    },
    {
      "type": "Feature",
      "properties": {
        "@id": "node/11012702399",
        "emergency": "fire_hydrant",
        "fire_hydrant:type": "pillar"
      },
      "geometry": {
        "type": "Point",
        "coordinates": [
          9.966895,
          47.4631359
        ]
      },
      "id": "node/11012702399"
    },
    {
      "type": "Feature",
      "properties": {
        "@id": "node/11012702400",
        "emergency": "fire_hydrant",
        "fire_hydrant:type": "pillar"
      },
      "geometry": {
        "type": "Point",
        "coordinates": [
          9.8758313,
          47.4293858
        ]
      },
      "id": "node/11012702400"
    },
    {
      "type": "Feature",
      "properties": {
        "@id": "node/11012702401",
        "emergency": "fire_hydrant",
        "fire_hydrant:type": "pillar"
      },
      "geometry": {
        "type": "Point",
        "coordinates": [
          9.9004577,
          47.455
        ]
      },
      "id": "node/11012702401"
    },
    {
      "type": "Feature",
      "properties": {
        "@id": "node/11012702403",
        "emergency": "fire_hydrant",
        "fire_hydrant:type": "pillar"
      },
      "geometry": {
        "type": "Point",
        "coordinates": [
          9.888932,
          47.4640198
        ]
      },
      "id": "node/11012702403"
    },
    {
      "type": "Feature",
      "properties": {
        "@id": "node/11012702404",
        "emergency": "fire_hydrant",
        "fire_hydrant:type": "pillar"
      },
      "geometry": {
        "type": "Point",
        "coordinates": [
          9.8271291,
          47.448683
        ]
      },
      "id": "node/11012702404"
    },
    {
      "type": "Feature",
      "properties": {
        "@id": "node/11012702406",
        "emergency": "fire_hydrant",
        "fire_hydrant:type": "pillar"
      },
      "geometry": {
        "type": "Point",
        "coordinates": [
          9.9155007,
          47.5211667
        ]
      },
      "id": "node/11012702406"
    },
    {
      "type": "Feature",
      "properties": {
        "@id": "node/11012702410",
        "emergency": "fire_hydrant",
        "fire_hydrant:type": "pillar"
      },
      "geometry": {
        "type": "Point",
        "coordinates": [
          9.8930341,
          47.4559551
        ]
      },
      "id": "node/11012702410"
    },
    {
      "type": "Feature",
      "properties": {
        "@id": "node/11012702411",
        "emergency": "fire_hydrant",
        "fire_hydrant:type": "pillar"
      },
      "geometry": {
        "type": "Point",
        "coordinates": [
          9.9028106,
          47.5029181
        ]
      },
      "id": "node/11012702411"
    },
    {
      "type": "Feature",
      "properties": {
        "@id": "node/11012702412",
        "emergency": "fire_hydrant",
        "fire_hydrant:type": "pillar"
      },
      "geometry": {
        "type": "Point",
        "coordinates": [
          9.8983178,
          47.4318138
        ]
      },
      "id": "node/11012702412"
    },
    {
      "type": "Feature",
      "properties": {
        "@id": "node/11012702413",
        "emergency": "fire_hydrant",
        "fire_hydrant:position": "green",
        "fire_hydrant:type": "pillar"
      },
      "geometry": {
        "type": "Point",
        "coordinates": [
          9.9106156,
          47.4967471
        ]
      },
      "id": "node/11012702413"
    },
    {
      "type": "Feature",
      "properties": {
        "@id": "node/11012702414",
        "emergency": "fire_hydrant",
        "fire_hydrant:type": "pillar"
      },
      "geometry": {
        "type": "Point",
        "coordinates": [
          9.912704,
          47.4517976
        ]
      },
      "id": "node/11012702414"
    },
    {
      "type": "Feature",
      "properties": {
        "@id": "node/11012702415",
        "emergency": "fire_hydrant",
        "fire_hydrant:type": "pillar"
      },
      "geometry": {
        "type": "Point",
        "coordinates": [
          9.9100052,
          47.4804908
        ]
      },
      "id": "node/11012702415"
    },
    {
      "type": "Feature",
      "properties": {
        "@id": "node/11012702416",
        "emergency": "fire_hydrant",
        "fire_hydrant:type": "pillar"
      },
      "geometry": {
        "type": "Point",
        "coordinates": [
          9.9812618,
          47.464874
        ]
      },
      "id": "node/11012702416"
    },
    {
      "type": "Feature",
      "properties": {
        "@id": "node/11012702417",
        "emergency": "fire_hydrant",
        "fire_hydrant:type": "pillar"
      },
      "geometry": {
        "type": "Point",
        "coordinates": [
          9.9655908,
          47.4649259
        ]
      },
      "id": "node/11012702417"
    },
    {
      "type": "Feature",
      "properties": {
        "@id": "node/11012702418",
        "emergency": "fire_hydrant",
        "fire_hydrant:position": "green",
        "fire_hydrant:type": "pillar"
      },
      "geometry": {
        "type": "Point",
        "coordinates": [
          9.9107479,
          47.4369385
        ]
      },
      "id": "node/11012702418"
    },
    {
      "type": "Feature",
      "properties": {
        "@id": "node/11012702419",
        "emergency": "fire_hydrant",
        "fire_hydrant:type": "pillar"
      },
      "geometry": {
        "type": "Point",
        "coordinates": [
          9.9499978,
          47.4965225
        ]
      },
      "id": "node/11012702419"
    },
    {
      "type": "Feature",
      "properties": {
        "@id": "node/11012702420",
        "emergency": "fire_hydrant",
        "fire_hydrant:type": "pillar"
      },
      "geometry": {
        "type": "Point",
        "coordinates": [
          9.9279942,
          47.4951763
        ]
      },
      "id": "node/11012702420"
    },
    {
      "type": "Feature",
      "properties": {
        "@id": "node/11012702422",
        "emergency": "fire_hydrant",
        "fire_hydrant:type": "pillar"
      },
      "geometry": {
        "type": "Point",
        "coordinates": [
          9.9325765,
          47.4914013
        ]
      },
      "id": "node/11012702422"
    },
    {
      "type": "Feature",
      "properties": {
        "@id": "node/11012702424",
        "emergency": "fire_hydrant",
        "fire_hydrant:type": "pillar"
      },
      "geometry": {
        "type": "Point",
        "coordinates": [
          9.9143369,
          47.4847919
        ]
      },
      "id": "node/11012702424"
    },
    {
      "type": "Feature",
      "properties": {
        "@id": "node/11012702425",
        "emergency": "fire_hydrant",
        "fire_hydrant:type": "pillar"
      },
      "geometry": {
        "type": "Point",
        "coordinates": [
          9.8358154,
          47.4530243
        ]
      },
      "id": "node/11012702425"
    },
    {
      "type": "Feature",
      "properties": {
        "@id": "node/11012702426",
        "emergency": "fire_hydrant",
        "fire_hydrant:type": "pillar"
      },
      "geometry": {
        "type": "Point",
        "coordinates": [
          9.9660241,
          47.5186096
        ]
      },
      "id": "node/11012702426"
    },
    {
      "type": "Feature",
      "properties": {
        "@id": "node/11012702428",
        "emergency": "fire_hydrant",
        "fire_hydrant:type": "pillar"
      },
      "geometry": {
        "type": "Point",
        "coordinates": [
          9.8602405,
          47.4705086
        ]
      },
      "id": "node/11012702428"
    },
    {
      "type": "Feature",
      "properties": {
        "@id": "node/11012702429",
        "emergency": "fire_hydrant",
        "fire_hydrant:type": "pillar"
      },
      "geometry": {
        "type": "Point",
        "coordinates": [
          9.9126947,
          47.4316198
        ]
      },
      "id": "node/11012702429"
    },
    {
      "type": "Feature",
      "properties": {
        "@id": "node/11012702431",
        "emergency": "fire_hydrant",
        "fire_hydrant:position": "green",
        "fire_hydrant:type": "pillar"
      },
      "geometry": {
        "type": "Point",
        "coordinates": [
          9.9297615,
          47.44351
        ]
      },
      "id": "node/11012702431"
    },
    {
      "type": "Feature",
      "properties": {
        "@id": "node/11012702432",
        "emergency": "fire_hydrant",
        "fire_hydrant:position": "green",
        "fire_hydrant:type": "pillar"
      },
      "geometry": {
        "type": "Point",
        "coordinates": [
          9.9255137,
          47.4522956
        ]
      },
      "id": "node/11012702432"
    },
    {
      "type": "Feature",
      "properties": {
        "@id": "node/11012702433",
        "emergency": "fire_hydrant",
        "fire_hydrant:type": "pillar"
      },
      "geometry": {
        "type": "Point",
        "coordinates": [
          9.8767837,
          47.4517226
        ]
      },
      "id": "node/11012702433"
    },
    {
      "type": "Feature",
      "properties": {
        "@id": "node/11012702434",
        "emergency": "fire_hydrant",
        "fire_hydrant:position": "green",
        "fire_hydrant:type": "pillar"
      },
      "geometry": {
        "type": "Point",
        "coordinates": [
          9.8511311,
          47.4591428
        ]
      },
      "id": "node/11012702434"
    },
    {
      "type": "Feature",
      "properties": {
        "@id": "node/11012702435",
        "emergency": "fire_hydrant",
        "fire_hydrant:type": "pillar"
      },
      "geometry": {
        "type": "Point",
        "coordinates": [
          9.9355225,
          47.4813587
        ]
      },
      "id": "node/11012702435"
    },
    {
      "type": "Feature",
      "properties": {
        "@id": "node/11012702437",
        "emergency": "fire_hydrant",
        "fire_hydrant:position": "green",
        "fire_hydrant:type": "pillar"
      },
      "geometry": {
        "type": "Point",
        "coordinates": [
          9.9669163,
          47.4592381
        ]
      },
      "id": "node/11012702437"
    },
    {
      "type": "Feature",
      "properties": {
        "@id": "node/11012702438",
        "emergency": "fire_hydrant",
        "fire_hydrant:type": "pillar"
      },
      "geometry": {
        "type": "Point",
        "coordinates": [
          9.9245213,
          47.4493874
        ]
      },
      "id": "node/11012702438"
    },
    {
      "type": "Feature",
      "properties": {
        "@id": "node/11012702439",
        "emergency": "fire_hydrant",
        "fire_hydrant:type": "pillar"
      },
      "geometry": {
        "type": "Point",
        "coordinates": [
          9.9604033,
          47.4611865
        ]
      },
      "id": "node/11012702439"
    },
    {
      "type": "Feature",
      "properties": {
        "@id": "node/11012702441",
        "emergency": "fire_hydrant",
        "fire_hydrant:type": "pillar"
      },
      "geometry": {
        "type": "Point",
        "coordinates": [
          9.9053331,
          47.4269092
        ]
      },
      "id": "node/11012702441"
    },
    {
      "type": "Feature",
      "properties": {
        "@id": "node/11012702442",
        "emergency": "fire_hydrant",
        "fire_hydrant:type": "pillar"
      },
      "geometry": {
        "type": "Point",
        "coordinates": [
          9.9074917,
          47.5177991
        ]
      },
      "id": "node/11012702442"
    },
    {
      "type": "Feature",
      "properties": {
        "@id": "node/11012702444",
        "emergency": "fire_hydrant",
        "fire_hydrant:type": "pillar"
      },
      "geometry": {
        "type": "Point",
        "coordinates": [
          9.9729388,
          47.4579929
        ]
      },
      "id": "node/11012702444"
    },
    {
      "type": "Feature",
      "properties": {
        "@id": "node/11012702445",
        "emergency": "fire_hydrant",
        "fire_hydrant:type": "pillar"
      },
      "geometry": {
        "type": "Point",
        "coordinates": [
          9.8541706,
          47.4580335
        ]
      },
      "id": "node/11012702445"
    },
    {
      "type": "Feature",
      "properties": {
        "@id": "node/11012702446",
        "emergency": "fire_hydrant",
        "fire_hydrant:type": "pillar"
      },
      "geometry": {
        "type": "Point",
        "coordinates": [
          9.8996315,
          47.4724609
        ]
      },
      "id": "node/11012702446"
    },
    {
      "type": "Feature",
      "properties": {
        "@id": "node/11012702447",
        "emergency": "fire_hydrant",
        "fire_hydrant:type": "pillar"
      },
      "geometry": {
        "type": "Point",
        "coordinates": [
          9.8968296,
          47.4294941
        ]
      },
      "id": "node/11012702447"
    },
    {
      "type": "Feature",
      "properties": {
        "@id": "node/11012702448",
        "emergency": "fire_hydrant",
        "fire_hydrant:type": "pillar"
      },
      "geometry": {
        "type": "Point",
        "coordinates": [
          9.9624718,
          47.5035914
        ]
      },
      "id": "node/11012702448"
    },
    {
      "type": "Feature",
      "properties": {
        "@id": "node/11012702449",
        "emergency": "fire_hydrant",
        "fire_hydrant:type": "pillar"
      },
      "geometry": {
        "type": "Point",
        "coordinates": [
          9.9703061,
          47.5094191
        ]
      },
      "id": "node/11012702449"
    },
    {
      "type": "Feature",
      "properties": {
        "@id": "node/11012702450",
        "emergency": "fire_hydrant",
        "fire_hydrant:type": "pillar"
      },
      "geometry": {
        "type": "Point",
        "coordinates": [
          9.9144806,
          47.5116899
        ]
      },
      "id": "node/11012702450"
    },
    {
      "type": "Feature",
      "properties": {
        "@id": "node/11012702453",
        "emergency": "fire_hydrant",
        "fire_hydrant:type": "pillar"
      },
      "geometry": {
        "type": "Point",
        "coordinates": [
          9.9639949,
          47.4634058
        ]
      },
      "id": "node/11012702453"
    },
    {
      "type": "Feature",
      "properties": {
        "@id": "node/11012702455",
        "emergency": "fire_hydrant",
        "fire_hydrant:type": "pillar"
      },
      "geometry": {
        "type": "Point",
        "coordinates": [
          9.9108195,
          47.5172842
        ]
      },
      "id": "node/11012702455"
    },
    {
      "type": "Feature",
      "properties": {
        "@id": "node/11012702458",
        "emergency": "fire_hydrant",
        "fire_hydrant:type": "pillar"
      },
      "geometry": {
        "type": "Point",
        "coordinates": [
          9.8374708,
          47.468234
        ]
      },
      "id": "node/11012702458"
    },
    {
      "type": "Feature",
      "properties": {
        "@id": "node/11012702460",
        "emergency": "fire_hydrant",
        "fire_hydrant:position": "green",
        "fire_hydrant:type": "pillar"
      },
      "geometry": {
        "type": "Point",
        "coordinates": [
          9.9355812,
          47.4541219
        ]
      },
      "id": "node/11012702460"
    },
    {
      "type": "Feature",
      "properties": {
        "@id": "node/11012702461",
        "emergency": "fire_hydrant",
        "fire_hydrant:type": "pillar"
      },
      "geometry": {
        "type": "Point",
        "coordinates": [
          9.8193074,
          47.4513938
        ]
      },
      "id": "node/11012702461"
    },
    {
      "type": "Feature",
      "properties": {
        "@id": "node/11012702462",
        "emergency": "fire_hydrant",
        "fire_hydrant:type": "pillar"
      },
      "geometry": {
        "type": "Point",
        "coordinates": [
          9.8651956,
          47.4930175
        ]
      },
      "id": "node/11012702462"
    },
    {
      "type": "Feature",
      "properties": {
        "@id": "node/11012702463",
        "emergency": "fire_hydrant",
        "fire_hydrant:type": "pillar"
      },
      "geometry": {
        "type": "Point",
        "coordinates": [
          9.903192,
          47.4739539
        ]
      },
      "id": "node/11012702463"
    },
    {
      "type": "Feature",
      "properties": {
        "@id": "node/11012702465",
        "emergency": "fire_hydrant",
        "fire_hydrant:type": "pillar"
      },
      "geometry": {
        "type": "Point",
        "coordinates": [
          9.8843482,
          47.469279
        ]
      },
      "id": "node/11012702465"
    },
    {
      "type": "Feature",
      "properties": {
        "@id": "node/11012702466",
        "emergency": "fire_hydrant",
        "fire_hydrant:type": "pillar"
      },
      "geometry": {
        "type": "Point",
        "coordinates": [
          9.9340177,
          47.451637
        ]
      },
      "id": "node/11012702466"
    },
    {
      "type": "Feature",
      "properties": {
        "@id": "node/11012702469",
        "emergency": "fire_hydrant",
        "fire_hydrant:type": "pillar"
      },
      "geometry": {
        "type": "Point",
        "coordinates": [
          9.9198067,
          47.4514257
        ]
      },
      "id": "node/11012702469"
    },
    {
      "type": "Feature",
      "properties": {
        "@id": "node/11012702470",
        "emergency": "fire_hydrant",
        "fire_hydrant:type": "pillar"
      },
      "geometry": {
        "type": "Point",
        "coordinates": [
          9.8921995,
          47.4283915
        ]
      },
      "id": "node/11012702470"
    },
    {
      "type": "Feature",
      "properties": {
        "@id": "node/11012702471",
        "emergency": "fire_hydrant",
        "fire_hydrant:type": "pillar"
      },
      "geometry": {
        "type": "Point",
        "coordinates": [
          9.8880553,
          47.4973826
        ]
      },
      "id": "node/11012702471"
    },
    {
      "type": "Feature",
      "properties": {
        "@id": "node/11012702472",
        "emergency": "fire_hydrant",
        "fire_hydrant:type": "pillar"
      },
      "geometry": {
        "type": "Point",
        "coordinates": [
          9.9572998,
          47.4984843
        ]
      },
      "id": "node/11012702472"
    },
    {
      "type": "Feature",
      "properties": {
        "@id": "node/11012702473",
        "emergency": "fire_hydrant",
        "fire_hydrant:type": "pillar"
      },
      "geometry": {
        "type": "Point",
        "coordinates": [
          9.8529506,
          47.4923449
        ]
      },
      "id": "node/11012702473"
    },
    {
      "type": "Feature",
      "properties": {
        "@id": "node/11012702474",
        "emergency": "fire_hydrant",
        "fire_hydrant:type": "pillar"
      },
      "geometry": {
        "type": "Point",
        "coordinates": [
          9.8846624,
          47.4679723
        ]
      },
      "id": "node/11012702474"
    },
    {
      "type": "Feature",
      "properties": {
        "@id": "node/11012702475",
        "emergency": "fire_hydrant",
        "fire_hydrant:type": "pillar"
      },
      "geometry": {
        "type": "Point",
        "coordinates": [
          9.8358362,
          47.4520509
        ]
      },
      "id": "node/11012702475"
    },
    {
      "type": "Feature",
      "properties": {
        "@id": "node/11012702477",
        "emergency": "fire_hydrant",
        "fire_hydrant:type": "pillar"
      },
      "geometry": {
        "type": "Point",
        "coordinates": [
          9.8826539,
          47.4545261
        ]
      },
      "id": "node/11012702477"
    },
    {
      "type": "Feature",
      "properties": {
        "@id": "node/11012702478",
        "emergency": "fire_hydrant",
        "fire_hydrant:type": "pillar"
      },
      "geometry": {
        "type": "Point",
        "coordinates": [
          9.9573284,
          47.4974645
        ]
      },
      "id": "node/11012702478"
    },
    {
      "type": "Feature",
      "properties": {
        "@id": "node/11012702481",
        "emergency": "fire_hydrant",
        "fire_hydrant:position": "green",
        "fire_hydrant:type": "pillar"
      },
      "geometry": {
        "type": "Point",
        "coordinates": [
          9.9612144,
          47.463159
        ]
      },
      "id": "node/11012702481"
    },
    {
      "type": "Feature",
      "properties": {
        "@id": "node/11012702482",
        "emergency": "fire_hydrant",
        "fire_hydrant:type": "pillar"
      },
      "geometry": {
        "type": "Point",
        "coordinates": [
          9.8978662,
          47.4301319
        ]
      },
      "id": "node/11012702482"
    },
    {
      "type": "Feature",
      "properties": {
        "@id": "node/11012702483",
        "emergency": "fire_hydrant",
        "fire_hydrant:type": "pillar"
      },
      "geometry": {
        "type": "Point",
        "coordinates": [
          9.958514,
          47.4989396
        ]
      },
      "id": "node/11012702483"
    },
    {
      "type": "Feature",
      "properties": {
        "@id": "node/11012702484",
        "emergency": "fire_hydrant",
        "fire_hydrant:type": "pillar"
      },
      "geometry": {
        "type": "Point",
        "coordinates": [
          9.9064338,
          47.4484797
        ]
      },
      "id": "node/11012702484"
    },
    {
      "type": "Feature",
      "properties": {
        "@id": "node/11012702485",
        "emergency": "fire_hydrant",
        "fire_hydrant:type": "pillar"
      },
      "geometry": {
        "type": "Point",
        "coordinates": [
          9.8982131,
          47.4791827
        ]
      },
      "id": "node/11012702485"
    },
    {
      "type": "Feature",
      "properties": {
        "@id": "node/11012702486",
        "emergency": "fire_hydrant",
        "fire_hydrant:type": "pillar"
      },
      "geometry": {
        "type": "Point",
        "coordinates": [
          9.9184518,
          47.4534042
        ]
      },
      "id": "node/11012702486"
    },
    {
      "type": "Feature",
      "properties": {
        "@id": "node/11012702489",
        "emergency": "fire_hydrant",
        "fire_hydrant:type": "pillar"
      },
      "geometry": {
        "type": "Point",
        "coordinates": [
          9.9328394,
          47.4884567
        ]
      },
      "id": "node/11012702489"
    },
    {
      "type": "Feature",
      "properties": {
        "@id": "node/11012702490",
        "emergency": "fire_hydrant",
        "fire_hydrant:type": "pillar"
      },
      "geometry": {
        "type": "Point",
        "coordinates": [
          9.9260649,
          47.4543471
        ]
      },
      "id": "node/11012702490"
    },
    {
      "type": "Feature",
      "properties": {
        "@id": "node/11012702491",
        "emergency": "fire_hydrant",
        "fire_hydrant:type": "pillar"
      },
      "geometry": {
        "type": "Point",
        "coordinates": [
          9.9170186,
          47.4268817
        ]
      },
      "id": "node/11012702491"
    },
    {
      "type": "Feature",
      "properties": {
        "@id": "node/11012702493",
        "emergency": "fire_hydrant",
        "fire_hydrant:type": "pillar"
      },
      "geometry": {
        "type": "Point",
        "coordinates": [
          9.9448736,
          47.4743861
        ]
      },
      "id": "node/11012702493"
    },
    {
      "type": "Feature",
      "properties": {
        "@id": "node/11012702494",
        "emergency": "fire_hydrant",
        "fire_hydrant:type": "pillar"
      },
      "geometry": {
        "type": "Point",
        "coordinates": [
          9.8184096,
          47.4444978
        ]
      },
      "id": "node/11012702494"
    },
    {
      "type": "Feature",
      "properties": {
        "@id": "node/11012702495",
        "emergency": "fire_hydrant",
        "fire_hydrant:type": "pillar"
      },
      "geometry": {
        "type": "Point",
        "coordinates": [
          9.9473787,
          47.5238755
        ]
      },
      "id": "node/11012702495"
    },
    {
      "type": "Feature",
      "properties": {
        "@id": "node/11012702497",
        "emergency": "fire_hydrant",
        "fire_hydrant:type": "pillar"
      },
      "geometry": {
        "type": "Point",
        "coordinates": [
          9.955397,
          47.4624236
        ]
      },
      "id": "node/11012702497"
    },
    {
      "type": "Feature",
      "properties": {
        "@id": "node/11012702498",
        "emergency": "fire_hydrant",
        "fire_hydrant:type": "pillar"
      },
      "geometry": {
        "type": "Point",
        "coordinates": [
          9.9174613,
          47.4477366
        ]
      },
      "id": "node/11012702498"
    },
    {
      "type": "Feature",
      "properties": {
        "@id": "node/11012702499",
        "emergency": "fire_hydrant",
        "fire_hydrant:type": "pillar"
      },
      "geometry": {
        "type": "Point",
        "coordinates": [
          9.9186676,
          47.4320194
        ]
      },
      "id": "node/11012702499"
    },
    {
      "type": "Feature",
      "properties": {
        "@id": "node/11012702500",
        "emergency": "fire_hydrant",
        "fire_hydrant:type": "pillar"
      },
      "geometry": {
        "type": "Point",
        "coordinates": [
          9.8447215,
          47.4535418
        ]
      },
      "id": "node/11012702500"
    },
    {
      "type": "Feature",
      "properties": {
        "@id": "node/11012702501",
        "emergency": "fire_hydrant",
        "fire_hydrant:type": "pillar"
      },
      "geometry": {
        "type": "Point",
        "coordinates": [
          9.9153253,
          47.477862
        ]
      },
      "id": "node/11012702501"
    },
    {
      "type": "Feature",
      "properties": {
        "@id": "node/11012702503",
        "emergency": "fire_hydrant",
        "fire_hydrant:type": "pillar"
      },
      "geometry": {
        "type": "Point",
        "coordinates": [
          9.8290924,
          47.454605
        ]
      },
      "id": "node/11012702503"
    },
    {
      "type": "Feature",
      "properties": {
        "@id": "node/11012702504",
        "emergency": "fire_hydrant",
        "fire_hydrant:type": "pillar"
      },
      "geometry": {
        "type": "Point",
        "coordinates": [
          9.9233799,
          47.4806405
        ]
      },
      "id": "node/11012702504"
    },
    {
      "type": "Feature",
      "properties": {
        "@id": "node/11012702506",
        "emergency": "fire_hydrant",
        "fire_hydrant:type": "pillar"
      },
      "geometry": {
        "type": "Point",
        "coordinates": [
          9.8319511,
          47.477223
        ]
      },
      "id": "node/11012702506"
    },
    {
      "type": "Feature",
      "properties": {
        "@id": "node/11012702507",
        "emergency": "fire_hydrant",
        "fire_hydrant:type": "pillar"
      },
      "geometry": {
        "type": "Point",
        "coordinates": [
          9.9345043,
          47.4582883
        ]
      },
      "id": "node/11012702507"
    },
    {
      "type": "Feature",
      "properties": {
        "@id": "node/11012702511",
        "emergency": "fire_hydrant",
        "fire_hydrant:type": "pillar"
      },
      "geometry": {
        "type": "Point",
        "coordinates": [
          9.9289077,
          47.4800751
        ]
      },
      "id": "node/11012702511"
    },
    {
      "type": "Feature",
      "properties": {
        "@id": "node/11012702512",
        "emergency": "fire_hydrant",
        "fire_hydrant:type": "pillar"
      },
      "geometry": {
        "type": "Point",
        "coordinates": [
          9.9678189,
          47.4542288
        ]
      },
      "id": "node/11012702512"
    },
    {
      "type": "Feature",
      "properties": {
        "@id": "node/11012702513",
        "emergency": "fire_hydrant",
        "fire_hydrant:type": "pillar"
      },
      "geometry": {
        "type": "Point",
        "coordinates": [
          9.9059025,
          47.5283233
        ]
      },
      "id": "node/11012702513"
    },
    {
      "type": "Feature",
      "properties": {
        "@id": "node/11012702514",
        "emergency": "fire_hydrant",
        "fire_hydrant:type": "pillar"
      },
      "geometry": {
        "type": "Point",
        "coordinates": [
          9.8934523,
          47.4966876
        ]
      },
      "id": "node/11012702514"
    },
    {
      "type": "Feature",
      "properties": {
        "@id": "node/11012702515",
        "emergency": "fire_hydrant",
        "fire_hydrant:type": "pillar"
      },
      "geometry": {
        "type": "Point",
        "coordinates": [
          9.8783497,
          47.4556847
        ]
      },
      "id": "node/11012702515"
    },
    {
      "type": "Feature",
      "properties": {
        "@id": "node/11012702516",
        "emergency": "fire_hydrant",
        "fire_hydrant:type": "pillar"
      },
      "geometry": {
        "type": "Point",
        "coordinates": [
          9.8309163,
          47.4675528
        ]
      },
      "id": "node/11012702516"
    },
    {
      "type": "Feature",
      "properties": {
        "@id": "node/11012702517",
        "emergency": "fire_hydrant",
        "fire_hydrant:type": "pillar"
      },
      "geometry": {
        "type": "Point",
        "coordinates": [
          9.818346,
          47.4509901
        ]
      },
      "id": "node/11012702517"
    },
    {
      "type": "Feature",
      "properties": {
        "@id": "node/11012702519",
        "emergency": "fire_hydrant",
        "fire_hydrant:type": "pillar"
      },
      "geometry": {
        "type": "Point",
        "coordinates": [
          9.9090284,
          47.4244382
        ]
      },
      "id": "node/11012702519"
    },
    {
      "type": "Feature",
      "properties": {
        "@id": "node/11012702520",
        "emergency": "fire_hydrant",
        "fire_hydrant:type": "pillar"
      },
      "geometry": {
        "type": "Point",
        "coordinates": [
          9.9034761,
          47.4817617
        ]
      },
      "id": "node/11012702520"
    },
    {
      "type": "Feature",
      "properties": {
        "@id": "node/11012702522",
        "emergency": "fire_hydrant",
        "fire_hydrant:type": "pillar"
      },
      "geometry": {
        "type": "Point",
        "coordinates": [
          9.963278,
          47.5178006
        ]
      },
      "id": "node/11012702522"
    },
    {
      "type": "Feature",
      "properties": {
        "@id": "node/11012702523",
        "emergency": "fire_hydrant",
        "fire_hydrant:type": "pillar"
      },
      "geometry": {
        "type": "Point",
        "coordinates": [
          9.9112534,
          47.5240243
        ]
      },
      "id": "node/11012702523"
    },
    {
      "type": "Feature",
      "properties": {
        "@id": "node/11012702524",
        "emergency": "fire_hydrant",
        "fire_hydrant:type": "pillar"
      },
      "geometry": {
        "type": "Point",
        "coordinates": [
          9.8785351,
          47.492301
        ]
      },
      "id": "node/11012702524"
    },
    {
      "type": "Feature",
      "properties": {
        "@id": "node/11012702526",
        "emergency": "fire_hydrant",
        "fire_hydrant:type": "pillar"
      },
      "geometry": {
        "type": "Point",
        "coordinates": [
          9.8506353,
          47.465515
        ]
      },
      "id": "node/11012702526"
    },
    {
      "type": "Feature",
      "properties": {
        "@id": "node/11012702527",
        "emergency": "fire_hydrant",
        "fire_hydrant:type": "pillar"
      },
      "geometry": {
        "type": "Point",
        "coordinates": [
          9.9678205,
          47.5072855
        ]
      },
      "id": "node/11012702527"
    },
    {
      "type": "Feature",
      "properties": {
        "@id": "node/11012702528",
        "emergency": "fire_hydrant",
        "fire_hydrant:type": "pillar"
      },
      "geometry": {
        "type": "Point",
        "coordinates": [
          9.8705642,
          47.4262117
        ]
      },
      "id": "node/11012702528"
    },
    {
      "type": "Feature",
      "properties": {
        "@id": "node/11012702529",
        "emergency": "fire_hydrant",
        "fire_hydrant:type": "pillar"
      },
      "geometry": {
        "type": "Point",
        "coordinates": [
          9.8898284,
          47.521823
        ]
      },
      "id": "node/11012702529"
    },
    {
      "type": "Feature",
      "properties": {
        "@id": "node/11012702530",
        "emergency": "fire_hydrant",
        "fire_hydrant:type": "pillar"
      },
      "geometry": {
        "type": "Point",
        "coordinates": [
          9.8359366,
          47.4596122
        ]
      },
      "id": "node/11012702530"
    },
    {
      "type": "Feature",
      "properties": {
        "@id": "node/11012702531",
        "emergency": "fire_hydrant",
        "fire_hydrant:type": "pillar"
      },
      "geometry": {
        "type": "Point",
        "coordinates": [
          9.951557,
          47.4269164
        ]
      },
      "id": "node/11012702531"
    },
    {
      "type": "Feature",
      "properties": {
        "@id": "node/11012702533",
        "emergency": "fire_hydrant",
        "fire_hydrant:type": "pillar"
      },
      "geometry": {
        "type": "Point",
        "coordinates": [
          9.9186637,
          47.4904143
        ]
      },
      "id": "node/11012702533"
    },
    {
      "type": "Feature",
      "properties": {
        "@id": "node/11012702535",
        "emergency": "fire_hydrant",
        "fire_hydrant:position": "sidewalk",
        "fire_hydrant:type": "pillar"
      },
      "geometry": {
        "type": "Point",
        "coordinates": [
          9.9566224,
          47.4603348
        ]
      },
      "id": "node/11012702535"
    },
    {
      "type": "Feature",
      "properties": {
        "@id": "node/11012702536",
        "emergency": "fire_hydrant",
        "fire_hydrant:type": "pillar"
      },
      "geometry": {
        "type": "Point",
        "coordinates": [
          9.8061342,
          47.4493913
        ]
      },
      "id": "node/11012702536"
    },
    {
      "type": "Feature",
      "properties": {
        "@id": "node/11012702537",
        "emergency": "fire_hydrant",
        "fire_hydrant:type": "pillar"
      },
      "geometry": {
        "type": "Point",
        "coordinates": [
          9.8336815,
          47.4481934
        ]
      },
      "id": "node/11012702537"
    },
    {
      "type": "Feature",
      "properties": {
        "@id": "node/11012702539",
        "emergency": "fire_hydrant",
        "fire_hydrant:type": "pillar"
      },
      "geometry": {
        "type": "Point",
        "coordinates": [
          9.8688386,
          47.4285772
        ]
      },
      "id": "node/11012702539"
    },
    {
      "type": "Feature",
      "properties": {
        "@id": "node/11012702541",
        "emergency": "fire_hydrant",
        "fire_hydrant:type": "pillar"
      },
      "geometry": {
        "type": "Point",
        "coordinates": [
          9.9109441,
          47.4225258
        ]
      },
      "id": "node/11012702541"
    },
    {
      "type": "Feature",
      "properties": {
        "@id": "node/11012702542",
        "emergency": "fire_hydrant",
        "fire_hydrant:position": "green",
        "fire_hydrant:type": "pillar"
      },
      "geometry": {
        "type": "Point",
        "coordinates": [
          9.9679718,
          47.457067
        ]
      },
      "id": "node/11012702542"
    },
    {
      "type": "Feature",
      "properties": {
        "@id": "node/11012702543",
        "emergency": "fire_hydrant",
        "fire_hydrant:type": "pillar"
      },
      "geometry": {
        "type": "Point",
        "coordinates": [
          9.916614,
          47.4772058
        ]
      },
      "id": "node/11012702543"
    },
    {
      "type": "Feature",
      "properties": {
        "@id": "node/11012702544",
        "emergency": "fire_hydrant",
        "fire_hydrant:type": "pillar"
      },
      "geometry": {
        "type": "Point",
        "coordinates": [
          9.9061626,
          47.423503
        ]
      },
      "id": "node/11012702544"
    },
    {
      "type": "Feature",
      "properties": {
        "@id": "node/11012702545",
        "emergency": "fire_hydrant",
        "fire_hydrant:type": "pillar"
      },
      "geometry": {
        "type": "Point",
        "coordinates": [
          9.8855695,
          47.5214282
        ]
      },
      "id": "node/11012702545"
    },
    {
      "type": "Feature",
      "properties": {
        "@id": "node/11012702549",
        "emergency": "fire_hydrant",
        "fire_hydrant:type": "pillar"
      },
      "geometry": {
        "type": "Point",
        "coordinates": [
          9.8937128,
          47.4612771
        ]
      },
      "id": "node/11012702549"
    },
    {
      "type": "Feature",
      "properties": {
        "@id": "node/11012702550",
        "emergency": "fire_hydrant",
        "fire_hydrant:type": "pillar"
      },
      "geometry": {
        "type": "Point",
        "coordinates": [
          9.9028904,
          47.455252
        ]
      },
      "id": "node/11012702550"
    },
    {
      "type": "Feature",
      "properties": {
        "@id": "node/11012702551",
        "emergency": "fire_hydrant",
        "fire_hydrant:type": "pillar"
      },
      "geometry": {
        "type": "Point",
        "coordinates": [
          9.930455,
          47.4882735
        ]
      },
      "id": "node/11012702551"
    },
    {
      "type": "Feature",
      "properties": {
        "@id": "node/11012702552",
        "emergency": "fire_hydrant",
        "fire_hydrant:type": "pillar"
      },
      "geometry": {
        "type": "Point",
        "coordinates": [
          9.957927,
          47.4997211
        ]
      },
      "id": "node/11012702552"
    },
    {
      "type": "Feature",
      "properties": {
        "@id": "node/11012702553",
        "emergency": "fire_hydrant",
        "fire_hydrant:type": "pillar"
      },
      "geometry": {
        "type": "Point",
        "coordinates": [
          9.9554286,
          47.4638878
        ]
      },
      "id": "node/11012702553"
    },
    {
      "type": "Feature",
      "properties": {
        "@id": "node/11012702554",
        "emergency": "fire_hydrant",
        "fire_hydrant:type": "pillar"
      },
      "geometry": {
        "type": "Point",
        "coordinates": [
          9.8801926,
          47.4502674
        ]
      },
      "id": "node/11012702554"
    },
    {
      "type": "Feature",
      "properties": {
        "@id": "node/11012702555",
        "emergency": "fire_hydrant",
        "fire_hydrant:type": "pillar"
      },
      "geometry": {
        "type": "Point",
        "coordinates": [
          9.8508986,
          47.4581669
        ]
      },
      "id": "node/11012702555"
    },
    {
      "type": "Feature",
      "properties": {
        "@id": "node/11012702556",
        "emergency": "fire_hydrant",
        "fire_hydrant:type": "pillar"
      },
      "geometry": {
        "type": "Point",
        "coordinates": [
          9.9119529,
          47.4320468
        ]
      },
      "id": "node/11012702556"
    },
    {
      "type": "Feature",
      "properties": {
        "@id": "node/11012702558",
        "emergency": "fire_hydrant",
        "fire_hydrant:type": "pillar"
      },
      "geometry": {
        "type": "Point",
        "coordinates": [
          9.9094635,
          47.5272692
        ]
      },
      "id": "node/11012702558"
    },
    {
      "type": "Feature",
      "properties": {
        "@id": "node/11012702559",
        "emergency": "fire_hydrant",
        "fire_hydrant:type": "pillar"
      },
      "geometry": {
        "type": "Point",
        "coordinates": [
          9.893701,
          47.4281457
        ]
      },
      "id": "node/11012702559"
    },
    {
      "type": "Feature",
      "properties": {
        "@id": "node/11012702561",
        "emergency": "fire_hydrant",
        "fire_hydrant:type": "pillar"
      },
      "geometry": {
        "type": "Point",
        "coordinates": [
          9.8967769,
          47.4999476
        ]
      },
      "id": "node/11012702561"
    },
    {
      "type": "Feature",
      "properties": {
        "@id": "node/11012702563",
        "emergency": "fire_hydrant",
        "fire_hydrant:type": "pillar"
      },
      "geometry": {
        "type": "Point",
        "coordinates": [
          9.9141526,
          47.5199999
        ]
      },
      "id": "node/11012702563"
    },
    {
      "type": "Feature",
      "properties": {
        "@id": "node/11012702564",
        "emergency": "fire_hydrant",
        "fire_hydrant:type": "pillar"
      },
      "geometry": {
        "type": "Point",
        "coordinates": [
          9.9205235,
          47.4264932
        ]
      },
      "id": "node/11012702564"
    },
    {
      "type": "Feature",
      "properties": {
        "@id": "node/11012702565",
        "emergency": "fire_hydrant",
        "fire_hydrant:type": "pillar"
      },
      "geometry": {
        "type": "Point",
        "coordinates": [
          9.9339394,
          47.5024297
        ]
      },
      "id": "node/11012702565"
    },
    {
      "type": "Feature",
      "properties": {
        "@id": "node/11012702566",
        "emergency": "fire_hydrant",
        "fire_hydrant:type": "pillar"
      },
      "geometry": {
        "type": "Point",
        "coordinates": [
          9.8583546,
          47.4602032
        ]
      },
      "id": "node/11012702566"
    },
    {
      "type": "Feature",
      "properties": {
        "@id": "node/11012702567",
        "emergency": "fire_hydrant",
        "fire_hydrant:type": "pillar"
      },
      "geometry": {
        "type": "Point",
        "coordinates": [
          9.8600341,
          47.4877981
        ]
      },
      "id": "node/11012702567"
    },
    {
      "type": "Feature",
      "properties": {
        "@id": "node/11012702570",
        "emergency": "fire_hydrant",
        "fire_hydrant:type": "pillar"
      },
      "geometry": {
        "type": "Point",
        "coordinates": [
          9.9730976,
          47.4543162
        ]
      },
      "id": "node/11012702570"
    },
    {
      "type": "Feature",
      "properties": {
        "@id": "node/11012702571",
        "emergency": "fire_hydrant",
        "fire_hydrant:type": "pillar"
      },
      "geometry": {
        "type": "Point",
        "coordinates": [
          9.948331,
          47.4531404
        ]
      },
      "id": "node/11012702571"
    },
    {
      "type": "Feature",
      "properties": {
        "@id": "node/11012702572",
        "emergency": "fire_hydrant",
        "fire_hydrant:type": "pillar"
      },
      "geometry": {
        "type": "Point",
        "coordinates": [
          9.9026981,
          47.4332731
        ]
      },
      "id": "node/11012702572"
    },
    {
      "type": "Feature",
      "properties": {
        "@id": "node/11012702573",
        "emergency": "fire_hydrant",
        "fire_hydrant:type": "pillar"
      },
      "geometry": {
        "type": "Point",
        "coordinates": [
          9.9750755,
          47.5122897
        ]
      },
      "id": "node/11012702573"
    },
    {
      "type": "Feature",
      "properties": {
        "@id": "node/11012702574",
        "emergency": "fire_hydrant",
        "fire_hydrant:type": "pillar"
      },
      "geometry": {
        "type": "Point",
        "coordinates": [
          9.9534948,
          47.4938022
        ]
      },
      "id": "node/11012702574"
    },
    {
      "type": "Feature",
      "properties": {
        "@id": "node/11012702575",
        "emergency": "fire_hydrant",
        "fire_hydrant:type": "pillar"
      },
      "geometry": {
        "type": "Point",
        "coordinates": [
          9.9284533,
          47.4629561
        ]
      },
      "id": "node/11012702575"
    },
    {
      "type": "Feature",
      "properties": {
        "@id": "node/11012702576",
        "emergency": "fire_hydrant",
        "fire_hydrant:type": "pillar"
      },
      "geometry": {
        "type": "Point",
        "coordinates": [
          9.9014808,
          47.4778243
        ]
      },
      "id": "node/11012702576"
    },
    {
      "type": "Feature",
      "properties": {
        "@id": "node/11012702577",
        "emergency": "fire_hydrant",
        "fire_hydrant:type": "pillar"
      },
      "geometry": {
        "type": "Point",
        "coordinates": [
          9.9260824,
          47.4874498
        ]
      },
      "id": "node/11012702577"
    },
    {
      "type": "Feature",
      "properties": {
        "@id": "node/11012702582",
        "emergency": "fire_hydrant",
        "fire_hydrant:type": "pillar"
      },
      "geometry": {
        "type": "Point",
        "coordinates": [
          9.9072715,
          47.4618187
        ]
      },
      "id": "node/11012702582"
    },
    {
      "type": "Feature",
      "properties": {
        "@id": "node/11012702583",
        "emergency": "fire_hydrant",
        "fire_hydrant:type": "pillar"
      },
      "geometry": {
        "type": "Point",
        "coordinates": [
          9.8964186,
          47.4652237
        ]
      },
      "id": "node/11012702583"
    },
    {
      "type": "Feature",
      "properties": {
        "@id": "node/11012702584",
        "emergency": "fire_hydrant",
        "fire_hydrant:type": "pillar"
      },
      "geometry": {
        "type": "Point",
        "coordinates": [
          9.97028,
          47.5133576
        ]
      },
      "id": "node/11012702584"
    },
    {
      "type": "Feature",
      "properties": {
        "@id": "node/11012702585",
        "emergency": "fire_hydrant",
        "fire_hydrant:type": "pillar"
      },
      "geometry": {
        "type": "Point",
        "coordinates": [
          9.9146156,
          47.4891982
        ]
      },
      "id": "node/11012702585"
    },
    {
      "type": "Feature",
      "properties": {
        "@id": "node/11012702586",
        "emergency": "fire_hydrant",
        "fire_hydrant:type": "pillar"
      },
      "geometry": {
        "type": "Point",
        "coordinates": [
          9.9326739,
          47.4860767
        ]
      },
      "id": "node/11012702586"
    },
    {
      "type": "Feature",
      "properties": {
        "@id": "node/11012702587",
        "emergency": "fire_hydrant",
        "fire_hydrant:type": "pillar"
      },
      "geometry": {
        "type": "Point",
        "coordinates": [
          9.9551189,
          47.457639
        ]
      },
      "id": "node/11012702587"
    },
    {
      "type": "Feature",
      "properties": {
        "@id": "node/11012702588",
        "emergency": "fire_hydrant",
        "fire_hydrant:position": "green",
        "fire_hydrant:type": "pillar"
      },
      "geometry": {
        "type": "Point",
        "coordinates": [
          9.9564727,
          47.4612029
        ]
      },
      "id": "node/11012702588"
    },
    {
      "type": "Feature",
      "properties": {
        "@id": "node/11012702589",
        "emergency": "fire_hydrant",
        "fire_hydrant:type": "pillar"
      },
      "geometry": {
        "type": "Point",
        "coordinates": [
          9.8703564,
          47.490375
        ]
      },
      "id": "node/11012702589"
    },
    {
      "type": "Feature",
      "properties": {
        "@id": "node/11012702590",
        "emergency": "fire_hydrant",
        "fire_hydrant:type": "pillar"
      },
      "geometry": {
        "type": "Point",
        "coordinates": [
          9.9076872,
          47.5263831
        ]
      },
      "id": "node/11012702590"
    },
    {
      "type": "Feature",
      "properties": {
        "@id": "node/11012702592",
        "emergency": "fire_hydrant",
        "fire_hydrant:type": "pillar"
      },
      "geometry": {
        "type": "Point",
        "coordinates": [
          9.9363491,
          47.5060154
        ]
      },
      "id": "node/11012702592"
    },
    {
      "type": "Feature",
      "properties": {
        "@id": "node/11012702593",
        "emergency": "fire_hydrant",
        "fire_hydrant:type": "pillar"
      },
      "geometry": {
        "type": "Point",
        "coordinates": [
          9.9601535,
          47.4992457
        ]
      },
      "id": "node/11012702593"
    },
    {
      "type": "Feature",
      "properties": {
        "@id": "node/11012702594",
        "emergency": "fire_hydrant",
        "fire_hydrant:type": "pillar"
      },
      "geometry": {
        "type": "Point",
        "coordinates": [
          9.8802993,
          47.4498156
        ]
      },
      "id": "node/11012702594"
    },
    {
      "type": "Feature",
      "properties": {
        "@id": "node/11012702595",
        "emergency": "fire_hydrant",
        "fire_hydrant:type": "pillar"
      },
      "geometry": {
        "type": "Point",
        "coordinates": [
          9.9175245,
          47.4622075
        ]
      },
      "id": "node/11012702595"
    },
    {
      "type": "Feature",
      "properties": {
        "@id": "node/11012702596",
        "emergency": "fire_hydrant",
        "fire_hydrant:type": "pillar"
      },
      "geometry": {
        "type": "Point",
        "coordinates": [
          9.9201824,
          47.4526666
        ]
      },
      "id": "node/11012702596"
    },
    {
      "type": "Feature",
      "properties": {
        "@id": "node/11012702597",
        "emergency": "fire_hydrant",
        "fire_hydrant:type": "pillar"
      },
      "geometry": {
        "type": "Point",
        "coordinates": [
          9.9139175,
          47.444705
        ]
      },
      "id": "node/11012702597"
    },
    {
      "type": "Feature",
      "properties": {
        "@id": "node/11012702599",
        "emergency": "fire_hydrant",
        "fire_hydrant:position": "green",
        "fire_hydrant:type": "pillar"
      },
      "geometry": {
        "type": "Point",
        "coordinates": [
          9.9186873,
          47.4362817
        ]
      },
      "id": "node/11012702599"
    },
    {
      "type": "Feature",
      "properties": {
        "@id": "node/11012702600",
        "emergency": "fire_hydrant",
        "fire_hydrant:type": "pillar"
      },
      "geometry": {
        "type": "Point",
        "coordinates": [
          9.8152138,
          47.450912
        ]
      },
      "id": "node/11012702600"
    },
    {
      "type": "Feature",
      "properties": {
        "@id": "node/11012702601",
        "emergency": "fire_hydrant",
        "fire_hydrant:type": "pillar"
      },
      "geometry": {
        "type": "Point",
        "coordinates": [
          9.9481755,
          47.4721904
        ]
      },
      "id": "node/11012702601"
    },
    {
      "type": "Feature",
      "properties": {
        "@id": "node/11012702602",
        "emergency": "fire_hydrant",
        "fire_hydrant:type": "pillar"
      },
      "geometry": {
        "type": "Point",
        "coordinates": [
          9.919237,
          47.4631631
        ]
      },
      "id": "node/11012702602"
    },
    {
      "type": "Feature",
      "properties": {
        "@id": "node/11012702603",
        "emergency": "fire_hydrant",
        "fire_hydrant:type": "pillar"
      },
      "geometry": {
        "type": "Point",
        "coordinates": [
          9.9310825,
          47.4375105
        ]
      },
      "id": "node/11012702603"
    },
    {
      "type": "Feature",
      "properties": {
        "@id": "node/11012702604",
        "emergency": "fire_hydrant",
        "fire_hydrant:type": "pillar"
      },
      "geometry": {
        "type": "Point",
        "coordinates": [
          9.9226405,
          47.4899432
        ]
      },
      "id": "node/11012702604"
    },
    {
      "type": "Feature",
      "properties": {
        "@id": "node/11012702605",
        "emergency": "fire_hydrant",
        "fire_hydrant:type": "pillar"
      },
      "geometry": {
        "type": "Point",
        "coordinates": [
          9.9366485,
          47.476461
        ]
      },
      "id": "node/11012702605"
    },
    {
      "type": "Feature",
      "properties": {
        "@id": "node/11012702607",
        "emergency": "fire_hydrant",
        "fire_hydrant:type": "pillar"
      },
      "geometry": {
        "type": "Point",
        "coordinates": [
          9.978017,
          47.4652388
        ]
      },
      "id": "node/11012702607"
    },
    {
      "type": "Feature",
      "properties": {
        "@id": "node/11012702610",
        "emergency": "fire_hydrant",
        "fire_hydrant:position": "green",
        "fire_hydrant:type": "pillar"
      },
      "geometry": {
        "type": "Point",
        "coordinates": [
          9.9470901,
          47.4664914
        ]
      },
      "id": "node/11012702610"
    },
    {
      "type": "Feature",
      "properties": {
        "@id": "node/11012702611",
        "emergency": "fire_hydrant",
        "fire_hydrant:type": "pillar"
      },
      "geometry": {
        "type": "Point",
        "coordinates": [
          9.9659891,
          47.4568288
        ]
      },
      "id": "node/11012702611"
    },
    {
      "type": "Feature",
      "properties": {
        "@id": "node/11012702613",
        "emergency": "fire_hydrant",
        "fire_hydrant:type": "pillar"
      },
      "geometry": {
        "type": "Point",
        "coordinates": [
          9.8754877,
          47.4565801
        ]
      },
      "id": "node/11012702613"
    },
    {
      "type": "Feature",
      "properties": {
        "@id": "node/11012702614",
        "emergency": "fire_hydrant",
        "fire_hydrant:type": "pillar"
      },
      "geometry": {
        "type": "Point",
        "coordinates": [
          9.893962,
          47.4677968
        ]
      },
      "id": "node/11012702614"
    },
    {
      "type": "Feature",
      "properties": {
        "@id": "node/11012702615",
        "emergency": "fire_hydrant",
        "fire_hydrant:type": "pillar"
      },
      "geometry": {
        "type": "Point",
        "coordinates": [
          9.9461334,
          47.4950949
        ]
      },
      "id": "node/11012702615"
    },
    {
      "type": "Feature",
      "properties": {
        "@id": "node/11012702616",
        "emergency": "fire_hydrant",
        "fire_hydrant:type": "pillar"
      },
      "geometry": {
        "type": "Point",
        "coordinates": [
          9.8308162,
          47.4484937
        ]
      },
      "id": "node/11012702616"
    },
    {
      "type": "Feature",
      "properties": {
        "@id": "node/11012702618",
        "emergency": "fire_hydrant",
        "fire_hydrant:type": "pillar"
      },
      "geometry": {
        "type": "Point",
        "coordinates": [
          9.8792535,
          47.4927318
        ]
      },
      "id": "node/11012702618"
    },
    {
      "type": "Feature",
      "properties": {
        "@id": "node/11012702619",
        "emergency": "fire_hydrant",
        "fire_hydrant:type": "pillar"
      },
      "geometry": {
        "type": "Point",
        "coordinates": [
          9.9175567,
          47.4355255
        ]
      },
      "id": "node/11012702619"
    },
    {
      "type": "Feature",
      "properties": {
        "@id": "node/11012702620",
        "emergency": "fire_hydrant",
        "fire_hydrant:type": "pillar"
      },
      "geometry": {
        "type": "Point",
        "coordinates": [
          9.8283981,
          47.4508936
        ]
      },
      "id": "node/11012702620"
    },
    {
      "type": "Feature",
      "properties": {
        "@id": "node/11012702621",
        "emergency": "fire_hydrant",
        "fire_hydrant:type": "pillar"
      },
      "geometry": {
        "type": "Point",
        "coordinates": [
          9.901504,
          47.4322512
        ]
      },
      "id": "node/11012702621"
    },
    {
      "type": "Feature",
      "properties": {
        "@id": "node/11012702622",
        "emergency": "fire_hydrant",
        "fire_hydrant:type": "pillar"
      },
      "geometry": {
        "type": "Point",
        "coordinates": [
          9.8368535,
          47.4512756
        ]
      },
      "id": "node/11012702622"
    },
    {
      "type": "Feature",
      "properties": {
        "@id": "node/11012702623",
        "emergency": "fire_hydrant",
        "fire_hydrant:position": "green",
        "fire_hydrant:type": "pillar"
      },
      "geometry": {
        "type": "Point",
        "coordinates": [
          9.9586554,
          47.4603614
        ]
      },
      "id": "node/11012702623"
    },
    {
      "type": "Feature",
      "properties": {
        "@id": "node/11012702624",
        "emergency": "fire_hydrant",
        "fire_hydrant:type": "pillar"
      },
      "geometry": {
        "type": "Point",
        "coordinates": [
          9.8734542,
          47.457222
        ]
      },
      "id": "node/11012702624"
    },
    {
      "type": "Feature",
      "properties": {
        "@id": "node/11012702625",
        "emergency": "fire_hydrant",
        "fire_hydrant:type": "pillar"
      },
      "geometry": {
        "type": "Point",
        "coordinates": [
          9.9754105,
          47.4567892
        ]
      },
      "id": "node/11012702625"
    },
    {
      "type": "Feature",
      "properties": {
        "@id": "node/11012702627",
        "emergency": "fire_hydrant",
        "fire_hydrant:type": "pillar"
      },
      "geometry": {
        "type": "Point",
        "coordinates": [
          9.9640609,
          47.5094057
        ]
      },
      "id": "node/11012702627"
    },
    {
      "type": "Feature",
      "properties": {
        "@id": "node/11012702628",
        "emergency": "fire_hydrant",
        "fire_hydrant:type": "pillar"
      },
      "geometry": {
        "type": "Point",
        "coordinates": [
          9.9593477,
          47.4594018
        ]
      },
      "id": "node/11012702628"
    },
    {
      "type": "Feature",
      "properties": {
        "@id": "node/11012702630",
        "emergency": "fire_hydrant",
        "fire_hydrant:type": "pillar"
      },
      "geometry": {
        "type": "Point",
        "coordinates": [
          9.9198342,
          47.45148
        ]
      },
      "id": "node/11012702630"
    },
    {
      "type": "Feature",
      "properties": {
        "@id": "node/11012702631",
        "emergency": "fire_hydrant",
        "fire_hydrant:type": "pillar"
      },
      "geometry": {
        "type": "Point",
        "coordinates": [
          9.9402878,
          47.4598186
        ]
      },
      "id": "node/11012702631"
    },
    {
      "type": "Feature",
      "properties": {
        "@id": "node/11012702632",
        "emergency": "fire_hydrant",
        "fire_hydrant:type": "pillar"
      },
      "geometry": {
        "type": "Point",
        "coordinates": [
          9.9057729,
          47.463102
        ]
      },
      "id": "node/11012702632"
    },
    {
      "type": "Feature",
      "properties": {
        "@id": "node/11012702633",
        "emergency": "fire_hydrant",
        "fire_hydrant:type": "pillar"
      },
      "geometry": {
        "type": "Point",
        "coordinates": [
          9.9619545,
          47.4583985
        ]
      },
      "id": "node/11012702633"
    },
    {
      "type": "Feature",
      "properties": {
        "@id": "node/11012702634",
        "emergency": "fire_hydrant",
        "fire_hydrant:type": "pillar"
      },
      "geometry": {
        "type": "Point",
        "coordinates": [
          9.9153492,
          47.5174736
        ]
      },
      "id": "node/11012702634"
    },
    {
      "type": "Feature",
      "properties": {
        "@id": "node/11012702635",
        "emergency": "fire_hydrant",
        "fire_hydrant:type": "pillar"
      },
      "geometry": {
        "type": "Point",
        "coordinates": [
          9.9704593,
          47.4570523
        ]
      },
      "id": "node/11012702635"
    },
    {
      "type": "Feature",
      "properties": {
        "@id": "node/11012702637",
        "emergency": "fire_hydrant",
        "fire_hydrant:type": "pillar"
      },
      "geometry": {
        "type": "Point",
        "coordinates": [
          9.9145715,
          47.4787844
        ]
      },
      "id": "node/11012702637"
    },
    {
      "type": "Feature",
      "properties": {
        "@id": "node/11012702638",
        "emergency": "fire_hydrant",
        "fire_hydrant:type": "pillar"
      },
      "geometry": {
        "type": "Point",
        "coordinates": [
          9.9467445,
          47.4977641
        ]
      },
      "id": "node/11012702638"
    },
    {
      "type": "Feature",
      "properties": {
        "@id": "node/11012702639",
        "emergency": "fire_hydrant",
        "fire_hydrant:type": "pillar"
      },
      "geometry": {
        "type": "Point",
        "coordinates": [
          9.8846385,
          47.4994309
        ]
      },
      "id": "node/11012702639"
    },
    {
      "type": "Feature",
      "properties": {
        "@id": "node/11012702640",
        "emergency": "fire_hydrant",
        "fire_hydrant:type": "pillar"
      },
      "geometry": {
        "type": "Point",
        "coordinates": [
          9.8534826,
          47.4553038
        ]
      },
      "id": "node/11012702640"
    },
    {
      "type": "Feature",
      "properties": {
        "@id": "node/11012702641",
        "emergency": "fire_hydrant",
        "fire_hydrant:type": "pillar"
      },
      "geometry": {
        "type": "Point",
        "coordinates": [
          9.9056861,
          47.449306
        ]
      },
      "id": "node/11012702641"
    },
    {
      "type": "Feature",
      "properties": {
        "@id": "node/11012702642",
        "emergency": "fire_hydrant",
        "fire_hydrant:type": "pillar"
      },
      "geometry": {
        "type": "Point",
        "coordinates": [
          9.9361186,
          47.472373
        ]
      },
      "id": "node/11012702642"
    },
    {
      "type": "Feature",
      "properties": {
        "@id": "node/11012702645",
        "emergency": "fire_hydrant",
        "fire_hydrant:type": "pillar"
      },
      "geometry": {
        "type": "Point",
        "coordinates": [
          9.8141776,
          47.4432468
        ]
      },
      "id": "node/11012702645"
    },
    {
      "type": "Feature",
      "properties": {
        "@id": "node/11012702646",
        "emergency": "fire_hydrant",
        "fire_hydrant:type": "pillar"
      },
      "geometry": {
        "type": "Point",
        "coordinates": [
          9.9068187,
          47.4607328
        ]
      },
      "id": "node/11012702646"
    },
    {
      "type": "Feature",
      "properties": {
        "@id": "node/11012702647",
        "emergency": "fire_hydrant",
        "fire_hydrant:type": "pillar"
      },
      "geometry": {
        "type": "Point",
        "coordinates": [
          9.9589771,
          47.4656922
        ]
      },
      "id": "node/11012702647"
    },
    {
      "type": "Feature",
      "properties": {
        "@id": "node/11012702648",
        "emergency": "fire_hydrant",
        "fire_hydrant:type": "pillar"
      },
      "geometry": {
        "type": "Point",
        "coordinates": [
          9.8205589,
          47.4455234
        ]
      },
      "id": "node/11012702648"
    },
    {
      "type": "Feature",
      "properties": {
        "@id": "node/11012702649",
        "emergency": "fire_hydrant",
        "fire_hydrant:type": "pillar"
      },
      "geometry": {
        "type": "Point",
        "coordinates": [
          9.933554,
          47.4900712
        ]
      },
      "id": "node/11012702649"
    },
    {
      "type": "Feature",
      "properties": {
        "@id": "node/11012702650",
        "emergency": "fire_hydrant",
        "fire_hydrant:type": "pillar"
      },
      "geometry": {
        "type": "Point",
        "coordinates": [
          9.8256895,
          47.4471393
        ]
      },
      "id": "node/11012702650"
    },
    {
      "type": "Feature",
      "properties": {
        "@id": "node/11012702651",
        "emergency": "fire_hydrant",
        "fire_hydrant:type": "pillar"
      },
      "geometry": {
        "type": "Point",
        "coordinates": [
          9.9254529,
          47.4920714
        ]
      },
      "id": "node/11012702651"
    },
    {
      "type": "Feature",
      "properties": {
        "@id": "node/11012702652",
        "emergency": "fire_hydrant",
        "fire_hydrant:position": "lane",
        "fire_hydrant:type": "pillar"
      },
      "geometry": {
        "type": "Point",
        "coordinates": [
          9.9136169,
          47.5207996
        ]
      },
      "id": "node/11012702652"
    },
    {
      "type": "Feature",
      "properties": {
        "@id": "node/11012702653",
        "emergency": "fire_hydrant",
        "fire_hydrant:type": "pillar"
      },
      "geometry": {
        "type": "Point",
        "coordinates": [
          9.8681272,
          47.4299816
        ]
      },
      "id": "node/11012702653"
    },
    {
      "type": "Feature",
      "properties": {
        "@id": "node/11012702654",
        "emergency": "fire_hydrant",
        "fire_hydrant:position": "green",
        "fire_hydrant:type": "pillar"
      },
      "geometry": {
        "type": "Point",
        "coordinates": [
          9.8254304,
          47.4525264
        ]
      },
      "id": "node/11012702654"
    },
    {
      "type": "Feature",
      "properties": {
        "@id": "node/11012702655",
        "emergency": "fire_hydrant",
        "fire_hydrant:type": "pillar"
      },
      "geometry": {
        "type": "Point",
        "coordinates": [
          9.8766171,
          47.4269662
        ]
      },
      "id": "node/11012702655"
    },
    {
      "type": "Feature",
      "properties": {
        "@id": "node/11012702656",
        "emergency": "fire_hydrant",
        "fire_hydrant:type": "pillar"
      },
      "geometry": {
        "type": "Point",
        "coordinates": [
          9.9005924,
          47.4317347
        ]
      },
      "id": "node/11012702656"
    },
    {
      "type": "Feature",
      "properties": {
        "@id": "node/11012702658",
        "emergency": "fire_hydrant",
        "fire_hydrant:type": "pillar"
      },
      "geometry": {
        "type": "Point",
        "coordinates": [
          9.904789,
          47.4830055
        ]
      },
      "id": "node/11012702658"
    },
    {
      "type": "Feature",
      "properties": {
        "@id": "node/11012702659",
        "emergency": "fire_hydrant",
        "fire_hydrant:type": "pillar"
      },
      "geometry": {
        "type": "Point",
        "coordinates": [
          9.9575653,
          47.4598127
        ]
      },
      "id": "node/11012702659"
    },
    {
      "type": "Feature",
      "properties": {
        "@id": "node/11012702660",
        "emergency": "fire_hydrant",
        "fire_hydrant:position": "green",
        "fire_hydrant:type": "pillar"
      },
      "geometry": {
        "type": "Point",
        "coordinates": [
          9.8812962,
          47.4513554
        ]
      },
      "id": "node/11012702660"
    },
    {
      "type": "Feature",
      "properties": {
        "@id": "node/11012702661",
        "emergency": "fire_hydrant",
        "fire_hydrant:type": "pillar"
      },
      "geometry": {
        "type": "Point",
        "coordinates": [
          9.9154628,
          47.4515896
        ]
      },
      "id": "node/11012702661"
    },
    {
      "type": "Feature",
      "properties": {
        "@id": "node/11012702662",
        "emergency": "fire_hydrant",
        "fire_hydrant:type": "pillar"
      },
      "geometry": {
        "type": "Point",
        "coordinates": [
          9.9351202,
          47.4828359
        ]
      },
      "id": "node/11012702662"
    },
    {
      "type": "Feature",
      "properties": {
        "@id": "node/11012702663",
        "emergency": "fire_hydrant",
        "fire_hydrant:type": "pillar"
      },
      "geometry": {
        "type": "Point",
        "coordinates": [
          9.9580973,
          47.5029526
        ]
      },
      "id": "node/11012702663"
    },
    {
      "type": "Feature",
      "properties": {
        "@id": "node/11012702665",
        "emergency": "fire_hydrant",
        "fire_hydrant:type": "pillar"
      },
      "geometry": {
        "type": "Point",
        "coordinates": [
          9.9173028,
          47.5202448
        ]
      },
      "id": "node/11012702665"
    },
    {
      "type": "Feature",
      "properties": {
        "@id": "node/11012702667",
        "emergency": "fire_hydrant",
        "fire_hydrant:position": "green",
        "fire_hydrant:type": "pillar"
      },
      "geometry": {
        "type": "Point",
        "coordinates": [
          9.9532377,
          47.4594869
        ]
      },
      "id": "node/11012702667"
    },
    {
      "type": "Feature",
      "properties": {
        "@id": "node/11012702668",
        "emergency": "fire_hydrant",
        "fire_hydrant:type": "pillar"
      },
      "geometry": {
        "type": "Point",
        "coordinates": [
          9.9597569,
          47.4565104
        ]
      },
      "id": "node/11012702668"
    },
    {
      "type": "Feature",
      "properties": {
        "@id": "node/11012702669",
        "emergency": "fire_hydrant",
        "fire_hydrant:type": "pillar"
      },
      "geometry": {
        "type": "Point",
        "coordinates": [
          9.8333447,
          47.4533551
        ]
      },
      "id": "node/11012702669"
    },
    {
      "type": "Feature",
      "properties": {
        "@id": "node/11012702670",
        "emergency": "fire_hydrant",
        "fire_hydrant:type": "pillar"
      },
      "geometry": {
        "type": "Point",
        "coordinates": [
          9.8935709,
          47.4692124
        ]
      },
      "id": "node/11012702670"
    },
    {
      "type": "Feature",
      "properties": {
        "@id": "node/11012702671",
        "emergency": "fire_hydrant",
        "fire_hydrant:type": "pillar"
      },
      "geometry": {
        "type": "Point",
        "coordinates": [
          9.8980598,
          47.4282397
        ]
      },
      "id": "node/11012702671"
    },
    {
      "type": "Feature",
      "properties": {
        "@id": "node/11012702672",
        "emergency": "fire_hydrant",
        "fire_hydrant:type": "pillar"
      },
      "geometry": {
        "type": "Point",
        "coordinates": [
          9.9332825,
          47.4785865
        ]
      },
      "id": "node/11012702672"
    },
    {
      "type": "Feature",
      "properties": {
        "@id": "node/11012702673",
        "emergency": "fire_hydrant",
        "fire_hydrant:type": "pillar"
      },
      "geometry": {
        "type": "Point",
        "coordinates": [
          9.8805677,
          47.4695176
        ]
      },
      "id": "node/11012702673"
    },
    {
      "type": "Feature",
      "properties": {
        "@id": "node/11012702675",
        "emergency": "fire_hydrant",
        "fire_hydrant:type": "pillar"
      },
      "geometry": {
        "type": "Point",
        "coordinates": [
          9.8335591,
          47.4579632
        ]
      },
      "id": "node/11012702675"
    },
    {
      "type": "Feature",
      "properties": {
        "@id": "node/11012702677",
        "emergency": "fire_hydrant",
        "fire_hydrant:type": "pillar"
      },
      "geometry": {
        "type": "Point",
        "coordinates": [
          9.9617496,
          47.5164299
        ]
      },
      "id": "node/11012702677"
    },
    {
      "type": "Feature",
      "properties": {
        "@id": "node/11012702678",
        "emergency": "fire_hydrant",
        "fire_hydrant:type": "pillar"
      },
      "geometry": {
        "type": "Point",
        "coordinates": [
          9.9232191,
          47.4370543
        ]
      },
      "id": "node/11012702678"
    },
    {
      "type": "Feature",
      "properties": {
        "@id": "node/11012702679",
        "emergency": "fire_hydrant",
        "fire_hydrant:position": "green",
        "fire_hydrant:type": "pillar"
      },
      "geometry": {
        "type": "Point",
        "coordinates": [
          9.8902967,
          47.4951206
        ]
      },
      "id": "node/11012702679"
    },
    {
      "type": "Feature",
      "properties": {
        "@id": "node/11012702681",
        "emergency": "fire_hydrant",
        "fire_hydrant:type": "pillar"
      },
      "geometry": {
        "type": "Point",
        "coordinates": [
          9.9460596,
          47.4932088
        ]
      },
      "id": "node/11012702681"
    },
    {
      "type": "Feature",
      "properties": {
        "@id": "node/11012702686",
        "emergency": "fire_hydrant",
        "fire_hydrant:type": "pillar"
      },
      "geometry": {
        "type": "Point",
        "coordinates": [
          9.880891,
          47.4298868
        ]
      },
      "id": "node/11012702686"
    },
    {
      "type": "Feature",
      "properties": {
        "@id": "node/11012702687",
        "emergency": "fire_hydrant",
        "fire_hydrant:type": "pillar"
      },
      "geometry": {
        "type": "Point",
        "coordinates": [
          9.8943264,
          47.4268292
        ]
      },
      "id": "node/11012702687"
    },
    {
      "type": "Feature",
      "properties": {
        "@id": "node/11012702689",
        "emergency": "fire_hydrant",
        "fire_hydrant:type": "pillar"
      },
      "geometry": {
        "type": "Point",
        "coordinates": [
          9.9385286,
          47.5305838
        ]
      },
      "id": "node/11012702689"
    },
    {
      "type": "Feature",
      "properties": {
        "@id": "node/11012702690",
        "emergency": "fire_hydrant",
        "fire_hydrant:type": "pillar"
      },
      "geometry": {
        "type": "Point",
        "coordinates": [
          9.9622749,
          47.5047763
        ]
      },
      "id": "node/11012702690"
    },
    {
      "type": "Feature",
      "properties": {
        "@id": "node/11012702691",
        "emergency": "fire_hydrant",
        "fire_hydrant:type": "pillar"
      },
      "geometry": {
        "type": "Point",
        "coordinates": [
          9.9722642,
          47.5121416
        ]
      },
      "id": "node/11012702691"
    },
    {
      "type": "Feature",
      "properties": {
        "@id": "node/11012702693",
        "emergency": "fire_hydrant",
        "fire_hydrant:type": "pillar"
      },
      "geometry": {
        "type": "Point",
        "coordinates": [
          9.824224,
          47.4474856
        ]
      },
      "id": "node/11012702693"
    },
    {
      "type": "Feature",
      "properties": {
        "@id": "node/11012702694",
        "emergency": "fire_hydrant",
        "fire_hydrant:type": "pillar"
      },
      "geometry": {
        "type": "Point",
        "coordinates": [
          9.9488255,
          47.5000368
        ]
      },
      "id": "node/11012702694"
    },
    {
      "type": "Feature",
      "properties": {
        "@id": "node/11012702695",
        "emergency": "fire_hydrant",
        "fire_hydrant:type": "pillar"
      },
      "geometry": {
        "type": "Point",
        "coordinates": [
          9.9269924,
          47.4538905
        ]
      },
      "id": "node/11012702695"
    },
    {
      "type": "Feature",
      "properties": {
        "@id": "node/11012702698",
        "emergency": "fire_hydrant",
        "fire_hydrant:type": "pillar"
      },
      "geometry": {
        "type": "Point",
        "coordinates": [
          9.9097043,
          47.4529738
        ]
      },
      "id": "node/11012702698"
    },
    {
      "type": "Feature",
      "properties": {
        "@id": "node/11012702700",
        "emergency": "fire_hydrant",
        "fire_hydrant:type": "pillar"
      },
      "geometry": {
        "type": "Point",
        "coordinates": [
          9.9442872,
          47.4546906
        ]
      },
      "id": "node/11012702700"
    },
    {
      "type": "Feature",
      "properties": {
        "@id": "node/11012702701",
        "emergency": "fire_hydrant",
        "fire_hydrant:position": "green",
        "fire_hydrant:type": "pillar"
      },
      "geometry": {
        "type": "Point",
        "coordinates": [
          9.8171717,
          47.450935
        ]
      },
      "id": "node/11012702701"
    },
    {
      "type": "Feature",
      "properties": {
        "@id": "node/11012702702",
        "emergency": "fire_hydrant",
        "fire_hydrant:type": "pillar"
      },
      "geometry": {
        "type": "Point",
        "coordinates": [
          9.9321175,
          47.4530332
        ]
      },
      "id": "node/11012702702"
    },
    {
      "type": "Feature",
      "properties": {
        "@id": "node/11012702703",
        "emergency": "fire_hydrant",
        "fire_hydrant:position": "green",
        "fire_hydrant:type": "pillar"
      },
      "geometry": {
        "type": "Point",
        "coordinates": [
          9.8855445,
          47.4937919
        ]
      },
      "id": "node/11012702703"
    },
    {
      "type": "Feature",
      "properties": {
        "@id": "node/11012702704",
        "emergency": "fire_hydrant",
        "fire_hydrant:type": "pillar"
      },
      "geometry": {
        "type": "Point",
        "coordinates": [
          9.9022432,
          47.4832574
        ]
      },
      "id": "node/11012702704"
    },
    {
      "type": "Feature",
      "properties": {
        "@id": "node/11012702705",
        "emergency": "fire_hydrant",
        "fire_hydrant:type": "pillar"
      },
      "geometry": {
        "type": "Point",
        "coordinates": [
          9.8939739,
          47.4259116
        ]
      },
      "id": "node/11012702705"
    },
    {
      "type": "Feature",
      "properties": {
        "@id": "node/11012702707",
        "emergency": "fire_hydrant",
        "fire_hydrant:type": "pillar"
      },
      "geometry": {
        "type": "Point",
        "coordinates": [
          9.8524065,
          47.4557437
        ]
      },
      "id": "node/11012702707"
    },
    {
      "type": "Feature",
      "properties": {
        "@id": "node/11012702708",
        "emergency": "fire_hydrant",
        "fire_hydrant:type": "pillar"
      },
      "geometry": {
        "type": "Point",
        "coordinates": [
          9.9383511,
          47.4601487
        ]
      },
      "id": "node/11012702708"
    },
    {
      "type": "Feature",
      "properties": {
        "@id": "node/11012702709",
        "emergency": "fire_hydrant",
        "fire_hydrant:type": "pillar"
      },
      "geometry": {
        "type": "Point",
        "coordinates": [
          9.8461075,
          47.4564138
        ]
      },
      "id": "node/11012702709"
    },
    {
      "type": "Feature",
      "properties": {
        "@id": "node/11012702710",
        "emergency": "fire_hydrant",
        "fire_hydrant:type": "pillar"
      },
      "geometry": {
        "type": "Point",
        "coordinates": [
          9.8801507,
          47.4277859
        ]
      },
      "id": "node/11012702710"
    },
    {
      "type": "Feature",
      "properties": {
        "@id": "node/11012702711",
        "emergency": "fire_hydrant",
        "fire_hydrant:type": "pillar"
      },
      "geometry": {
        "type": "Point",
        "coordinates": [
          9.9066614,
          47.4452978
        ]
      },
      "id": "node/11012702711"
    },
    {
      "type": "Feature",
      "properties": {
        "@id": "node/11012702712",
        "emergency": "fire_hydrant",
        "fire_hydrant:type": "pillar"
      },
      "geometry": {
        "type": "Point",
        "coordinates": [
          9.8253089,
          47.4479939
        ]
      },
      "id": "node/11012702712"
    },
    {
      "type": "Feature",
      "properties": {
        "@id": "node/11012702713",
        "emergency": "fire_hydrant",
        "fire_hydrant:type": "pillar"
      },
      "geometry": {
        "type": "Point",
        "coordinates": [
          9.919807,
          47.4514239
        ]
      },
      "id": "node/11012702713"
    },
    {
      "type": "Feature",
      "properties": {
        "@id": "node/11012702714",
        "emergency": "fire_hydrant",
        "fire_hydrant:type": "pillar"
      },
      "geometry": {
        "type": "Point",
        "coordinates": [
          9.8715991,
          47.4692832
        ]
      },
      "id": "node/11012702714"
    },
    {
      "type": "Feature",
      "properties": {
        "@id": "node/11012702715",
        "emergency": "fire_hydrant",
        "fire_hydrant:type": "pillar"
      },
      "geometry": {
        "type": "Point",
        "coordinates": [
          9.9119975,
          47.4496422
        ]
      },
      "id": "node/11012702715"
    },
    {
      "type": "Feature",
      "properties": {
        "@id": "node/11012702716",
        "emergency": "fire_hydrant",
        "fire_hydrant:type": "pillar"
      },
      "geometry": {
        "type": "Point",
        "coordinates": [
          9.9006552,
          47.4309691
        ]
      },
      "id": "node/11012702716"
    },
    {
      "type": "Feature",
      "properties": {
        "@id": "node/11012702718",
        "emergency": "fire_hydrant",
        "fire_hydrant:position": "green",
        "fire_hydrant:type": "pillar"
      },
      "geometry": {
        "type": "Point",
        "coordinates": [
          9.9569481,
          47.4631571
        ]
      },
      "id": "node/11012702718"
    },
    {
      "type": "Feature",
      "properties": {
        "@id": "node/11012702719",
        "emergency": "fire_hydrant",
        "fire_hydrant:type": "pillar"
      },
      "geometry": {
        "type": "Point",
        "coordinates": [
          9.834016,
          47.4682176
        ]
      },
      "id": "node/11012702719"
    },
    {
      "type": "Feature",
      "properties": {
        "@id": "node/11012702720",
        "emergency": "fire_hydrant",
        "fire_hydrant:type": "pillar"
      },
      "geometry": {
        "type": "Point",
        "coordinates": [
          9.8427915,
          47.4626892
        ]
      },
      "id": "node/11012702720"
    },
    {
      "type": "Feature",
      "properties": {
        "@id": "node/11012702721",
        "emergency": "fire_hydrant",
        "fire_hydrant:type": "pillar"
      },
      "geometry": {
        "type": "Point",
        "coordinates": [
          9.8542936,
          47.460341
        ]
      },
      "id": "node/11012702721"
    },
    {
      "type": "Feature",
      "properties": {
        "@id": "node/11012702725",
        "emergency": "fire_hydrant",
        "fire_hydrant:type": "pillar"
      },
      "geometry": {
        "type": "Point",
        "coordinates": [
          9.877083,
          47.4541439
        ]
      },
      "id": "node/11012702725"
    },
    {
      "type": "Feature",
      "properties": {
        "@id": "node/11012702727",
        "emergency": "fire_hydrant",
        "fire_hydrant:type": "pillar"
      },
      "geometry": {
        "type": "Point",
        "coordinates": [
          9.9588971,
          47.4993954
        ]
      },
      "id": "node/11012702727"
    },
    {
      "type": "Feature",
      "properties": {
        "@id": "node/11012702728",
        "emergency": "fire_hydrant",
        "fire_hydrant:type": "pillar"
      },
      "geometry": {
        "type": "Point",
        "coordinates": [
          9.8361818,
          47.4651544
        ]
      },
      "id": "node/11012702728"
    },
    {
      "type": "Feature",
      "properties": {
        "@id": "node/11012702729",
        "emergency": "fire_hydrant",
        "fire_hydrant:position": "green",
        "fire_hydrant:type": "pillar"
      },
      "geometry": {
        "type": "Point",
        "coordinates": [
          9.9299294,
          47.4537198
        ]
      },
      "id": "node/11012702729"
    },
    {
      "type": "Feature",
      "properties": {
        "@id": "node/11012702731",
        "emergency": "fire_hydrant",
        "fire_hydrant:type": "pillar"
      },
      "geometry": {
        "type": "Point",
        "coordinates": [
          9.9370956,
          47.4773384
        ]
      },
      "id": "node/11012702731"
    },
    {
      "type": "Feature",
      "properties": {
        "@id": "node/11012702732",
        "emergency": "fire_hydrant",
        "fire_hydrant:type": "pillar"
      },
      "geometry": {
        "type": "Point",
        "coordinates": [
          9.9589459,
          47.499576
        ]
      },
      "id": "node/11012702732"
    },
    {
      "type": "Feature",
      "properties": {
        "@id": "node/11012702733",
        "emergency": "fire_hydrant",
        "fire_hydrant:type": "pillar"
      },
      "geometry": {
        "type": "Point",
        "coordinates": [
          9.8273539,
          47.4475091
        ]
      },
      "id": "node/11012702733"
    },
    {
      "type": "Feature",
      "properties": {
        "@id": "node/11012702736",
        "emergency": "fire_hydrant",
        "fire_hydrant:type": "pillar"
      },
      "geometry": {
        "type": "Point",
        "coordinates": [
          9.9857356,
          47.4566101
        ]
      },
      "id": "node/11012702736"
    },
    {
      "type": "Feature",
      "properties": {
        "@id": "node/11012702737",
        "emergency": "fire_hydrant",
        "fire_hydrant:type": "pillar"
      },
      "geometry": {
        "type": "Point",
        "coordinates": [
          9.8359149,
          47.4691341
        ]
      },
      "id": "node/11012702737"
    },
    {
      "type": "Feature",
      "properties": {
        "@id": "node/11012702738",
        "emergency": "fire_hydrant",
        "fire_hydrant:type": "pillar"
      },
      "geometry": {
        "type": "Point",
        "coordinates": [
          9.900558,
          47.4365509
        ]
      },
      "id": "node/11012702738"
    },
    {
      "type": "Feature",
      "properties": {
        "@id": "node/11012702739",
        "emergency": "fire_hydrant",
        "fire_hydrant:position": "green",
        "fire_hydrant:type": "pillar"
      },
      "geometry": {
        "type": "Point",
        "coordinates": [
          9.9606327,
          47.4582454
        ]
      },
      "id": "node/11012702739"
    },
    {
      "type": "Feature",
      "properties": {
        "@id": "node/11012702740",
        "emergency": "fire_hydrant",
        "fire_hydrant:type": "pillar"
      },
      "geometry": {
        "type": "Point",
        "coordinates": [
          9.8203752,
          47.451651
        ]
      },
      "id": "node/11012702740"
    },
    {
      "type": "Feature",
      "properties": {
        "@id": "node/11012702742",
        "emergency": "fire_hydrant",
        "fire_hydrant:type": "pillar"
      },
      "geometry": {
        "type": "Point",
        "coordinates": [
          9.8488926,
          47.4590807
        ]
      },
      "id": "node/11012702742"
    },
    {
      "type": "Feature",
      "properties": {
        "@id": "node/11012702743",
        "emergency": "fire_hydrant",
        "fire_hydrant:type": "pillar"
      },
      "geometry": {
        "type": "Point",
        "coordinates": [
          9.9182477,
          47.4312025
        ]
      },
      "id": "node/11012702743"
    },
    {
      "type": "Feature",
      "properties": {
        "@id": "node/11012702745",
        "emergency": "fire_hydrant",
        "fire_hydrant:type": "pillar"
      },
      "geometry": {
        "type": "Point",
        "coordinates": [
          9.9010416,
          47.4281235
        ]
      },
      "id": "node/11012702745"
    },
    {
      "type": "Feature",
      "properties": {
        "@id": "node/11012702746",
        "emergency": "fire_hydrant",
        "fire_hydrant:type": "pillar"
      },
      "geometry": {
        "type": "Point",
        "coordinates": [
          9.9520708,
          47.4630775
        ]
      },
      "id": "node/11012702746"
    },
    {
      "type": "Feature",
      "properties": {
        "@id": "node/11012702752",
        "emergency": "fire_hydrant",
        "fire_hydrant:type": "pillar"
      },
      "geometry": {
        "type": "Point",
        "coordinates": [
          9.8971173,
          47.4679919
        ]
      },
      "id": "node/11012702752"
    },
    {
      "type": "Feature",
      "properties": {
        "@id": "node/11012702754",
        "emergency": "fire_hydrant",
        "fire_hydrant:type": "pillar"
      },
      "geometry": {
        "type": "Point",
        "coordinates": [
          9.9365324,
          47.4751067
        ]
      },
      "id": "node/11012702754"
    },
    {
      "type": "Feature",
      "properties": {
        "@id": "node/11012702755",
        "emergency": "fire_hydrant",
        "fire_hydrant:type": "pillar"
      },
      "geometry": {
        "type": "Point",
        "coordinates": [
          9.9023033,
          47.4475691
        ]
      },
      "id": "node/11012702755"
    },
    {
      "type": "Feature",
      "properties": {
        "@id": "node/11012702756",
        "emergency": "fire_hydrant",
        "fire_hydrant:type": "pillar"
      },
      "geometry": {
        "type": "Point",
        "coordinates": [
          9.9030298,
          47.4776607
        ]
      },
      "id": "node/11012702756"
    },
    {
      "type": "Feature",
      "properties": {
        "@id": "node/11012702759",
        "emergency": "fire_hydrant",
        "fire_hydrant:type": "pillar"
      },
      "geometry": {
        "type": "Point",
        "coordinates": [
          9.902088,
          47.5016556
        ]
      },
      "id": "node/11012702759"
    },
    {
      "type": "Feature",
      "properties": {
        "@id": "node/11012702761",
        "emergency": "fire_hydrant",
        "fire_hydrant:type": "pillar"
      },
      "geometry": {
        "type": "Point",
        "coordinates": [
          9.8307943,
          47.4743786
        ]
      },
      "id": "node/11012702761"
    },
    {
      "type": "Feature",
      "properties": {
        "@id": "node/11012702763",
        "emergency": "fire_hydrant",
        "fire_hydrant:type": "pillar"
      },
      "geometry": {
        "type": "Point",
        "coordinates": [
          9.8354783,
          47.4501397
        ]
      },
      "id": "node/11012702763"
    },
    {
      "type": "Feature",
      "properties": {
        "@id": "node/11012702764",
        "emergency": "fire_hydrant",
        "fire_hydrant:type": "pillar"
      },
      "geometry": {
        "type": "Point",
        "coordinates": [
          9.8598089,
          47.5000488
        ]
      },
      "id": "node/11012702764"
    },
    {
      "type": "Feature",
      "properties": {
        "@id": "node/11012702765",
        "emergency": "fire_hydrant",
        "fire_hydrant:type": "pillar"
      },
      "geometry": {
        "type": "Point",
        "coordinates": [
          9.9190854,
          47.4519565
        ]
      },
      "id": "node/11012702765"
    },
    {
      "type": "Feature",
      "properties": {
        "@id": "node/11012702766",
        "emergency": "fire_hydrant",
        "fire_hydrant:type": "pillar"
      },
      "geometry": {
        "type": "Point",
        "coordinates": [
          9.914913,
          47.467423
        ]
      },
      "id": "node/11012702766"
    },
    {
      "type": "Feature",
      "properties": {
        "@id": "node/11012702768",
        "emergency": "fire_hydrant",
        "fire_hydrant:position": "green",
        "fire_hydrant:type": "pillar"
      },
      "geometry": {
        "type": "Point",
        "coordinates": [
          9.9325994,
          47.4551069
        ]
      },
      "id": "node/11012702768"
    },
    {
      "type": "Feature",
      "properties": {
        "@id": "node/11012702769",
        "emergency": "fire_hydrant",
        "fire_hydrant:type": "pillar"
      },
      "geometry": {
        "type": "Point",
        "coordinates": [
          9.9241998,
          47.4481031
        ]
      },
      "id": "node/11012702769"
    },
    {
      "type": "Feature",
      "properties": {
        "@id": "node/11012702772",
        "emergency": "fire_hydrant",
        "fire_hydrant:type": "pillar"
      },
      "geometry": {
        "type": "Point",
        "coordinates": [
          9.9368628,
          47.4595053
        ]
      },
      "id": "node/11012702772"
    },
    {
      "type": "Feature",
      "properties": {
        "@id": "node/11012702773",
        "emergency": "fire_hydrant",
        "fire_hydrant:type": "pillar"
      },
      "geometry": {
        "type": "Point",
        "coordinates": [
          9.881608,
          47.4583043
        ]
      },
      "id": "node/11012702773"
    },
    {
      "type": "Feature",
      "properties": {
        "@id": "node/11012702774",
        "emergency": "fire_hydrant",
        "fire_hydrant:type": "pillar"
      },
      "geometry": {
        "type": "Point",
        "coordinates": [
          9.9363235,
          47.4806558
        ]
      },
      "id": "node/11012702774"
    },
    {
      "type": "Feature",
      "properties": {
        "@id": "node/11012702775",
        "emergency": "fire_hydrant",
        "fire_hydrant:type": "pillar"
      },
      "geometry": {
        "type": "Point",
        "coordinates": [
          9.8959193,
          47.4691401
        ]
      },
      "id": "node/11012702775"
    },
    {
      "type": "Feature",
      "properties": {
        "@id": "node/11012702776",
        "emergency": "fire_hydrant",
        "fire_hydrant:type": "pillar"
      },
      "geometry": {
        "type": "Point",
        "coordinates": [
          9.9426459,
          47.5007723
        ]
      },
      "id": "node/11012702776"
    },
    {
      "type": "Feature",
      "properties": {
        "@id": "node/11012702778",
        "emergency": "fire_hydrant",
        "fire_hydrant:type": "pillar"
      },
      "geometry": {
        "type": "Point",
        "coordinates": [
          9.8320091,
          47.4500453
        ]
      },
      "id": "node/11012702778"
    },
    {
      "type": "Feature",
      "properties": {
        "@id": "node/11012702781",
        "emergency": "fire_hydrant",
        "fire_hydrant:type": "pillar"
      },
      "geometry": {
        "type": "Point",
        "coordinates": [
          9.8812927,
          47.4927251
        ]
      },
      "id": "node/11012702781"
    },
    {
      "type": "Feature",
      "properties": {
        "@id": "node/11012702782",
        "emergency": "fire_hydrant",
        "fire_hydrant:type": "pillar"
      },
      "geometry": {
        "type": "Point",
        "coordinates": [
          9.9289268,
          47.4656435
        ]
      },
      "id": "node/11012702782"
    },
    {
      "type": "Feature",
      "properties": {
        "@id": "node/11012702783",
        "emergency": "fire_hydrant",
        "fire_hydrant:type": "pillar"
      },
      "geometry": {
        "type": "Point",
        "coordinates": [
          9.9789867,
          47.4588417
        ]
      },
      "id": "node/11012702783"
    },
    {
      "type": "Feature",
      "properties": {
        "@id": "node/11012702784",
        "emergency": "fire_hydrant",
        "fire_hydrant:type": "pillar"
      },
      "geometry": {
        "type": "Point",
        "coordinates": [
          9.8206629,
          47.4541049
        ]
      },
      "id": "node/11012702784"
    },
    {
      "type": "Feature",
      "properties": {
        "@id": "node/11012702786",
        "emergency": "fire_hydrant",
        "fire_hydrant:type": "pillar"
      },
      "geometry": {
        "type": "Point",
        "coordinates": [
          9.9482554,
          47.45751
        ]
      },
      "id": "node/11012702786"
    },
    {
      "type": "Feature",
      "properties": {
        "@id": "node/11012702787",
        "emergency": "fire_hydrant",
        "fire_hydrant:type": "pillar"
      },
      "geometry": {
        "type": "Point",
        "coordinates": [
          9.8498853,
          47.4639242
        ]
      },
      "id": "node/11012702787"
    },
    {
      "type": "Feature",
      "properties": {
        "@id": "node/11012702788",
        "emergency": "fire_hydrant",
        "fire_hydrant:type": "pillar"
      },
      "geometry": {
        "type": "Point",
        "coordinates": [
          9.9345565,
          47.4557629
        ]
      },
      "id": "node/11012702788"
    },
    {
      "type": "Feature",
      "properties": {
        "@id": "node/11012702790",
        "emergency": "fire_hydrant",
        "fire_hydrant:type": "pillar"
      },
      "geometry": {
        "type": "Point",
        "coordinates": [
          9.9533791,
          47.4623632
        ]
      },
      "id": "node/11012702790"
    },
    {
      "type": "Feature",
      "properties": {
        "@id": "node/11012702791",
        "emergency": "fire_hydrant",
        "fire_hydrant:type": "pillar"
      },
      "geometry": {
        "type": "Point",
        "coordinates": [
          9.8347221,
          47.4512552
        ]
      },
      "id": "node/11012702791"
    },
    {
      "type": "Feature",
      "properties": {
        "@id": "node/11012702793",
        "emergency": "fire_hydrant",
        "fire_hydrant:type": "pillar"
      },
      "geometry": {
        "type": "Point",
        "coordinates": [
          9.9557738,
          47.5001505
        ]
      },
      "id": "node/11012702793"
    },
    {
      "type": "Feature",
      "properties": {
        "@id": "node/11012702794",
        "emergency": "fire_hydrant",
        "fire_hydrant:type": "pillar"
      },
      "geometry": {
        "type": "Point",
        "coordinates": [
          9.9092489,
          47.4658481
        ]
      },
      "id": "node/11012702794"
    },
    {
      "type": "Feature",
      "properties": {
        "@id": "node/11012702795",
        "emergency": "fire_hydrant",
        "fire_hydrant:type": "pillar"
      },
      "geometry": {
        "type": "Point",
        "coordinates": [
          9.8554416,
          47.4638955
        ]
      },
      "id": "node/11012702795"
    },
    {
      "type": "Feature",
      "properties": {
        "@id": "node/11012702796",
        "emergency": "fire_hydrant",
        "fire_hydrant:type": "pillar"
      },
      "geometry": {
        "type": "Point",
        "coordinates": [
          9.832579,
          47.4603516
        ]
      },
      "id": "node/11012702796"
    },
    {
      "type": "Feature",
      "properties": {
        "@id": "node/11012702797",
        "emergency": "fire_hydrant",
        "fire_hydrant:type": "pillar"
      },
      "geometry": {
        "type": "Point",
        "coordinates": [
          9.9519775,
          47.454192
        ]
      },
      "id": "node/11012702797"
    },
    {
      "type": "Feature",
      "properties": {
        "@id": "node/11012702798",
        "emergency": "fire_hydrant",
        "fire_hydrant:type": "pillar"
      },
      "geometry": {
        "type": "Point",
        "coordinates": [
          9.8960441,
          47.5256393
        ]
      },
      "id": "node/11012702798"
    },
    {
      "type": "Feature",
      "properties": {
        "@id": "node/11012702799",
        "emergency": "fire_hydrant",
        "fire_hydrant:type": "pillar"
      },
      "geometry": {
        "type": "Point",
        "coordinates": [
          9.9016854,
          47.4673072
        ]
      },
      "id": "node/11012702799"
    },
    {
      "type": "Feature",
      "properties": {
        "@id": "node/11012702800",
        "emergency": "fire_hydrant",
        "fire_hydrant:position": "green",
        "fire_hydrant:type": "pillar"
      },
      "geometry": {
        "type": "Point",
        "coordinates": [
          9.9708087,
          47.4592771
        ]
      },
      "id": "node/11012702800"
    },
    {
      "type": "Feature",
      "properties": {
        "@id": "node/11012702801",
        "emergency": "fire_hydrant",
        "fire_hydrant:position": "green",
        "fire_hydrant:type": "pillar"
      },
      "geometry": {
        "type": "Point",
        "coordinates": [
          9.988633,
          47.4647304
        ]
      },
      "id": "node/11012702801"
    },
    {
      "type": "Feature",
      "properties": {
        "@id": "node/11012702802",
        "emergency": "fire_hydrant",
        "fire_hydrant:position": "green",
        "fire_hydrant:type": "pillar"
      },
      "geometry": {
        "type": "Point",
        "coordinates": [
          9.9581458,
          47.4609338
        ]
      },
      "id": "node/11012702802"
    },
    {
      "type": "Feature",
      "properties": {
        "@id": "node/11012702803",
        "emergency": "fire_hydrant",
        "fire_hydrant:type": "pillar"
      },
      "geometry": {
        "type": "Point",
        "coordinates": [
          9.9093701,
          47.4463794
        ]
      },
      "id": "node/11012702803"
    },
    {
      "type": "Feature",
      "properties": {
        "@id": "node/11012702805",
        "emergency": "fire_hydrant",
        "fire_hydrant:type": "pillar"
      },
      "geometry": {
        "type": "Point",
        "coordinates": [
          9.9334252,
          47.484742
        ]
      },
      "id": "node/11012702805"
    },
    {
      "type": "Feature",
      "properties": {
        "@id": "node/11012702806",
        "emergency": "fire_hydrant",
        "fire_hydrant:type": "pillar"
      },
      "geometry": {
        "type": "Point",
        "coordinates": [
          9.9222326,
          47.4862773
        ]
      },
      "id": "node/11012702806"
    },
    {
      "type": "Feature",
      "properties": {
        "@id": "node/11012702807",
        "emergency": "fire_hydrant",
        "fire_hydrant:type": "pillar"
      },
      "geometry": {
        "type": "Point",
        "coordinates": [
          9.9530419,
          47.4646193
        ]
      },
      "id": "node/11012702807"
    },
    {
      "type": "Feature",
      "properties": {
        "@id": "node/11012702808",
        "emergency": "fire_hydrant",
        "fire_hydrant:type": "pillar"
      },
      "geometry": {
        "type": "Point",
        "coordinates": [
          9.9204045,
          47.4544747
        ]
      },
      "id": "node/11012702808"
    },
    {
      "type": "Feature",
      "properties": {
        "@id": "node/11012702809",
        "emergency": "fire_hydrant",
        "fire_hydrant:type": "pillar"
      },
      "geometry": {
        "type": "Point",
        "coordinates": [
          9.9262053,
          47.4963929
        ]
      },
      "id": "node/11012702809"
    },
    {
      "type": "Feature",
      "properties": {
        "@id": "node/11012702810",
        "emergency": "fire_hydrant",
        "fire_hydrant:type": "pillar"
      },
      "geometry": {
        "type": "Point",
        "coordinates": [
          9.9479929,
          47.48531
        ]
      },
      "id": "node/11012702810"
    },
    {
      "type": "Feature",
      "properties": {
        "@id": "node/11012702811",
        "emergency": "fire_hydrant",
        "fire_hydrant:type": "pillar"
      },
      "geometry": {
        "type": "Point",
        "coordinates": [
          9.9461248,
          47.4990437
        ]
      },
      "id": "node/11012702811"
    },
    {
      "type": "Feature",
      "properties": {
        "@id": "node/11012702812",
        "emergency": "fire_hydrant",
        "fire_hydrant:position": "green",
        "fire_hydrant:type": "pillar"
      },
      "geometry": {
        "type": "Point",
        "coordinates": [
          9.9284664,
          47.4388683
        ]
      },
      "id": "node/11012702812"
    },
    {
      "type": "Feature",
      "properties": {
        "@id": "node/11012702813",
        "emergency": "fire_hydrant",
        "fire_hydrant:position": "green",
        "fire_hydrant:type": "pillar"
      },
      "geometry": {
        "type": "Point",
        "coordinates": [
          9.9234794,
          47.4540462
        ]
      },
      "id": "node/11012702813"
    },
    {
      "type": "Feature",
      "properties": {
        "@id": "node/11012702814",
        "emergency": "fire_hydrant",
        "fire_hydrant:type": "pillar"
      },
      "geometry": {
        "type": "Point",
        "coordinates": [
          9.9820034,
          47.460173
        ]
      },
      "id": "node/11012702814"
    },
    {
      "type": "Feature",
      "properties": {
        "@id": "node/11012702815",
        "emergency": "fire_hydrant",
        "fire_hydrant:type": "pillar"
      },
      "geometry": {
        "type": "Point",
        "coordinates": [
          9.9049312,
          47.4323216
        ]
      },
      "id": "node/11012702815"
    },
    {
      "type": "Feature",
      "properties": {
        "@id": "node/11012702816",
        "colour": "blue",
        "emergency": "fire_hydrant",
        "fire_hydrant:type": "pillar"
      },
      "geometry": {
        "type": "Point",
        "coordinates": [
          9.8736084,
          47.4955515
        ]
      },
      "id": "node/11012702816"
    },
    {
      "type": "Feature",
      "properties": {
        "@id": "node/11012702817",
        "emergency": "fire_hydrant",
        "fire_hydrant:type": "pillar"
      },
      "geometry": {
        "type": "Point",
        "coordinates": [
          9.9459694,
          47.4916449
        ]
      },
      "id": "node/11012702817"
    },
    {
      "type": "Feature",
      "properties": {
        "@id": "node/11012702818",
        "emergency": "fire_hydrant",
        "fire_hydrant:type": "pillar"
      },
      "geometry": {
        "type": "Point",
        "coordinates": [
          9.8791994,
          47.428039
        ]
      },
      "id": "node/11012702818"
    },
    {
      "type": "Feature",
      "properties": {
        "@id": "node/11012702821",
        "emergency": "fire_hydrant",
        "fire_hydrant:type": "pillar"
      },
      "geometry": {
        "type": "Point",
        "coordinates": [
          9.8924455,
          47.4677106
        ]
      },
      "id": "node/11012702821"
    },
    {
      "type": "Feature",
      "properties": {
        "@id": "node/11012702822",
        "emergency": "fire_hydrant",
        "fire_hydrant:type": "pillar"
      },
      "geometry": {
        "type": "Point",
        "coordinates": [
          9.8779124,
          47.4281669
        ]
      },
      "id": "node/11012702822"
    },
    {
      "type": "Feature",
      "properties": {
        "@id": "node/11012702823",
        "emergency": "fire_hydrant",
        "fire_hydrant:type": "pillar"
      },
      "geometry": {
        "type": "Point",
        "coordinates": [
          9.8305265,
          47.4551747
        ]
      },
      "id": "node/11012702823"
    },
    {
      "type": "Feature",
      "properties": {
        "@id": "node/11012702825",
        "emergency": "fire_hydrant",
        "fire_hydrant:type": "pillar"
      },
      "geometry": {
        "type": "Point",
        "coordinates": [
          9.9048505,
          47.4471001
        ]
      },
      "id": "node/11012702825"
    },
    {
      "type": "Feature",
      "properties": {
        "@id": "node/11012702828",
        "emergency": "fire_hydrant",
        "fire_hydrant:type": "pillar"
      },
      "geometry": {
        "type": "Point",
        "coordinates": [
          9.824818,
          47.4666298
        ]
      },
      "id": "node/11012702828"
    },
    {
      "type": "Feature",
      "properties": {
        "@id": "node/11012702829",
        "emergency": "fire_hydrant",
        "fire_hydrant:type": "pillar"
      },
      "geometry": {
        "type": "Point",
        "coordinates": [
          9.8392468,
          47.4533938
        ]
      },
      "id": "node/11012702829"
    },
    {
      "type": "Feature",
      "properties": {
        "@id": "node/11012702830",
        "emergency": "fire_hydrant",
        "fire_hydrant:type": "pillar"
      },
      "geometry": {
        "type": "Point",
        "coordinates": [
          9.9096477,
          47.4506381
        ]
      },
      "id": "node/11012702830"
    },
    {
      "type": "Feature",
      "properties": {
        "@id": "node/11012702831",
        "emergency": "fire_hydrant",
        "fire_hydrant:position": "green",
        "fire_hydrant:type": "pillar"
      },
      "geometry": {
        "type": "Point",
        "coordinates": [
          9.8140163,
          47.4503203
        ]
      },
      "id": "node/11012702831"
    },
    {
      "type": "Feature",
      "properties": {
        "@id": "node/11012702832",
        "emergency": "fire_hydrant",
        "fire_hydrant:type": "pillar"
      },
      "geometry": {
        "type": "Point",
        "coordinates": [
          9.8758038,
          47.4671463
        ]
      },
      "id": "node/11012702832"
    },
    {
      "type": "Feature",
      "properties": {
        "@id": "node/11012702833",
        "emergency": "fire_hydrant",
        "fire_hydrant:type": "pillar"
      },
      "geometry": {
        "type": "Point",
        "coordinates": [
          9.9011026,
          47.4654148
        ]
      },
      "id": "node/11012702833"
    },
    {
      "type": "Feature",
      "properties": {
        "@id": "node/11012702834",
        "emergency": "fire_hydrant",
        "fire_hydrant:type": "pillar"
      },
      "geometry": {
        "type": "Point",
        "coordinates": [
          9.9114399,
          47.5221625
        ]
      },
      "id": "node/11012702834"
    },
    {
      "type": "Feature",
      "properties": {
        "@id": "node/11012702835",
        "emergency": "fire_hydrant",
        "fire_hydrant:type": "pillar"
      },
      "geometry": {
        "type": "Point",
        "coordinates": [
          9.9162644,
          47.4359343
        ]
      },
      "id": "node/11012702835"
    },
    {
      "type": "Feature",
      "properties": {
        "@id": "node/11012702836",
        "emergency": "fire_hydrant",
        "fire_hydrant:position": "green",
        "fire_hydrant:type": "pillar"
      },
      "geometry": {
        "type": "Point",
        "coordinates": [
          9.9411394,
          47.4684906
        ]
      },
      "id": "node/11012702836"
    },
    {
      "type": "Feature",
      "properties": {
        "@id": "node/11012702837",
        "emergency": "fire_hydrant",
        "fire_hydrant:type": "pillar"
      },
      "geometry": {
        "type": "Point",
        "coordinates": [
          9.94533,
          47.4806869
        ]
      },
      "id": "node/11012702837"
    },
    {
      "type": "Feature",
      "properties": {
        "@id": "node/11012702838",
        "emergency": "fire_hydrant",
        "fire_hydrant:type": "pillar"
      },
      "geometry": {
        "type": "Point",
        "coordinates": [
          9.9129918,
          47.4603559
        ]
      },
      "id": "node/11012702838"
    },
    {
      "type": "Feature",
      "properties": {
        "@id": "node/11012702839",
        "emergency": "fire_hydrant",
        "fire_hydrant:type": "pillar"
      },
      "geometry": {
        "type": "Point",
        "coordinates": [
          9.9340153,
          47.4424236
        ]
      },
      "id": "node/11012702839"
    },
    {
      "type": "Feature",
      "properties": {
        "@id": "node/11012702840",
        "emergency": "fire_hydrant",
        "fire_hydrant:type": "pillar"
      },
      "geometry": {
        "type": "Point",
        "coordinates": [
          9.8913802,
          47.4784993
        ]
      },
      "id": "node/11012702840"
    },
    {
      "type": "Feature",
      "properties": {
        "@id": "node/11012702843",
        "emergency": "fire_hydrant",
        "fire_hydrant:type": "pillar"
      },
      "geometry": {
        "type": "Point",
        "coordinates": [
          9.8190648,
          47.4462702
        ]
      },
      "id": "node/11012702843"
    },
    {
      "type": "Feature",
      "properties": {
        "@id": "node/11012702844",
        "emergency": "fire_hydrant",
        "fire_hydrant:type": "pillar"
      },
      "geometry": {
        "type": "Point",
        "coordinates": [
          9.9639611,
          47.5018815
        ]
      },
      "id": "node/11012702844"
    },
    {
      "type": "Feature",
      "properties": {
        "@id": "node/11012702845",
        "emergency": "fire_hydrant",
        "fire_hydrant:type": "pillar"
      },
      "geometry": {
        "type": "Point",
        "coordinates": [
          9.9528999,
          47.4697999
        ]
      },
      "id": "node/11012702845"
    },
    {
      "type": "Feature",
      "properties": {
        "@id": "node/11012702846",
        "emergency": "fire_hydrant",
        "fire_hydrant:type": "pillar"
      },
      "geometry": {
        "type": "Point",
        "coordinates": [
          9.9040966,
          47.4272964
        ]
      },
      "id": "node/11012702846"
    },
    {
      "type": "Feature",
      "properties": {
        "@id": "node/11012702848",
        "emergency": "fire_hydrant",
        "fire_hydrant:type": "pillar"
      },
      "geometry": {
        "type": "Point",
        "coordinates": [
          9.94615,
          47.4898367
        ]
      },
      "id": "node/11012702848"
    },
    {
      "type": "Feature",
      "properties": {
        "@id": "node/11012702849",
        "emergency": "fire_hydrant",
        "fire_hydrant:type": "pillar"
      },
      "geometry": {
        "type": "Point",
        "coordinates": [
          9.8992692,
          47.4335328
        ]
      },
      "id": "node/11012702849"
    },
    {
      "type": "Feature",
      "properties": {
        "@id": "node/11012702850",
        "emergency": "fire_hydrant",
        "fire_hydrant:type": "pillar"
      },
      "geometry": {
        "type": "Point",
        "coordinates": [
          9.9600671,
          47.5039951
        ]
      },
      "id": "node/11012702850"
    },
    {
      "type": "Feature",
      "properties": {
        "@id": "node/11012702851",
        "emergency": "fire_hydrant",
        "fire_hydrant:type": "pillar"
      },
      "geometry": {
        "type": "Point",
        "coordinates": [
          9.9612179,
          47.466118
        ]
      },
      "id": "node/11012702851"
    },
    {
      "type": "Feature",
      "properties": {
        "@id": "node/11012702852",
        "emergency": "fire_hydrant",
        "fire_hydrant:type": "pillar"
      },
      "geometry": {
        "type": "Point",
        "coordinates": [
          9.8338877,
          47.4538125
        ]
      },
      "id": "node/11012702852"
    },
    {
      "type": "Feature",
      "properties": {
        "@id": "node/11012702854",
        "emergency": "fire_hydrant",
        "fire_hydrant:type": "pillar"
      },
      "geometry": {
        "type": "Point",
        "coordinates": [
          9.8488968,
          47.4573155
        ]
      },
      "id": "node/11012702854"
    },
    {
      "type": "Feature",
      "properties": {
        "@id": "node/11012702855",
        "emergency": "fire_hydrant",
        "fire_hydrant:position": "green",
        "fire_hydrant:type": "pillar"
      },
      "geometry": {
        "type": "Point",
        "coordinates": [
          9.8378643,
          47.4530701
        ]
      },
      "id": "node/11012702855"
    },
    {
      "type": "Feature",
      "properties": {
        "@id": "node/11012702858",
        "emergency": "fire_hydrant",
        "fire_hydrant:position": "green",
        "fire_hydrant:type": "pillar"
      },
      "geometry": {
        "type": "Point",
        "coordinates": [
          9.9294008,
          47.4935236
        ]
      },
      "id": "node/11012702858"
    },
    {
      "type": "Feature",
      "properties": {
        "@id": "node/11012702859",
        "emergency": "fire_hydrant",
        "fire_hydrant:type": "pillar"
      },
      "geometry": {
        "type": "Point",
        "coordinates": [
          9.8976193,
          47.4660691
        ]
      },
      "id": "node/11012702859"
    },
    {
      "type": "Feature",
      "properties": {
        "@id": "node/11012702860",
        "emergency": "fire_hydrant",
        "fire_hydrant:type": "pillar"
      },
      "geometry": {
        "type": "Point",
        "coordinates": [
          9.8513437,
          47.4552668
        ]
      },
      "id": "node/11012702860"
    },
    {
      "type": "Feature",
      "properties": {
        "@id": "node/11012702861",
        "emergency": "fire_hydrant",
        "fire_hydrant:type": "pillar"
      },
      "geometry": {
        "type": "Point",
        "coordinates": [
          9.9583355,
          47.4987469
        ]
      },
      "id": "node/11012702861"
    },
    {
      "type": "Feature",
      "properties": {
        "@id": "node/11012702862",
        "emergency": "fire_hydrant",
        "fire_hydrant:type": "pillar"
      },
      "geometry": {
        "type": "Point",
        "coordinates": [
          9.9072669,
          47.4526944
        ]
      },
      "id": "node/11012702862"
    },
    {
      "type": "Feature",
      "properties": {
        "@id": "node/11012702864",
        "emergency": "fire_hydrant",
        "fire_hydrant:type": "pillar"
      },
      "geometry": {
        "type": "Point",
        "coordinates": [
          9.9098763,
          47.5244601
        ]
      },
      "id": "node/11012702864"
    },
    {
      "type": "Feature",
      "properties": {
        "@id": "node/11012702865",
        "emergency": "fire_hydrant",
        "fire_hydrant:type": "pillar"
      },
      "geometry": {
        "type": "Point",
        "coordinates": [
          9.9236497,
          47.4507018
        ]
      },
      "id": "node/11012702865"
    },
    {
      "type": "Feature",
      "properties": {
        "@id": "node/11012702866",
        "emergency": "fire_hydrant",
        "fire_hydrant:type": "pillar"
      },
      "geometry": {
        "type": "Point",
        "coordinates": [
          9.970817,
          47.4639973
        ]
      },
      "id": "node/11012702866"
    },
    {
      "type": "Feature",
      "properties": {
        "@id": "node/11012702867",
        "emergency": "fire_hydrant",
        "fire_hydrant:position": "sidewalk",
        "fire_hydrant:type": "pillar"
      },
      "geometry": {
        "type": "Point",
        "coordinates": [
          9.9596619,
          47.4585885
        ]
      },
      "id": "node/11012702867"
    },
    {
      "type": "Feature",
      "properties": {
        "@id": "node/11012702868",
        "emergency": "fire_hydrant",
        "fire_hydrant:type": "pillar"
      },
      "geometry": {
        "type": "Point",
        "coordinates": [
          9.9463979,
          47.5000623
        ]
      },
      "id": "node/11012702868"
    },
    {
      "type": "Feature",
      "properties": {
        "@id": "node/11012702869",
        "emergency": "fire_hydrant",
        "fire_hydrant:type": "pillar"
      },
      "geometry": {
        "type": "Point",
        "coordinates": [
          9.9168609,
          47.4559847
        ]
      },
      "id": "node/11012702869"
    },
    {
      "type": "Feature",
      "properties": {
        "@id": "node/11012702870",
        "emergency": "fire_hydrant",
        "fire_hydrant:type": "pillar"
      },
      "geometry": {
        "type": "Point",
        "coordinates": [
          9.9558463,
          47.4591887
        ]
      },
      "id": "node/11012702870"
    },
    {
      "type": "Feature",
      "properties": {
        "@id": "node/11012702871",
        "emergency": "fire_hydrant",
        "fire_hydrant:type": "pillar"
      },
      "geometry": {
        "type": "Point",
        "coordinates": [
          9.8938573,
          47.4340307
        ]
      },
      "id": "node/11012702871"
    },
    {
      "type": "Feature",
      "properties": {
        "@id": "node/11012702872",
        "emergency": "fire_hydrant",
        "fire_hydrant:type": "pillar"
      },
      "geometry": {
        "type": "Point",
        "coordinates": [
          9.8170277,
          47.446519
        ]
      },
      "id": "node/11012702872"
    },
    {
      "type": "Feature",
      "properties": {
        "@id": "node/11012702873",
        "emergency": "fire_hydrant",
        "fire_hydrant:type": "pillar"
      },
      "geometry": {
        "type": "Point",
        "coordinates": [
          9.8427337,
          47.4578377
        ]
      },
      "id": "node/11012702873"
    },
    {
      "type": "Feature",
      "properties": {
        "@id": "node/11012702875",
        "emergency": "fire_hydrant",
        "fire_hydrant:type": "pillar"
      },
      "geometry": {
        "type": "Point",
        "coordinates": [
          9.8173986,
          47.4478489
        ]
      },
      "id": "node/11012702875"
    },
    {
      "type": "Feature",
      "properties": {
        "@id": "node/11012702876",
        "emergency": "fire_hydrant",
        "fire_hydrant:type": "pillar"
      },
      "geometry": {
        "type": "Point",
        "coordinates": [
          9.9542333,
          47.4633107
        ]
      },
      "id": "node/11012702876"
    },
    {
      "type": "Feature",
      "properties": {
        "@id": "node/11012702878",
        "emergency": "fire_hydrant",
        "fire_hydrant:type": "pillar"
      },
      "geometry": {
        "type": "Point",
        "coordinates": [
          9.8797186,
          47.4518737
        ]
      },
      "id": "node/11012702878"
    },
    {
      "type": "Feature",
      "properties": {
        "@id": "node/11012702879",
        "emergency": "fire_hydrant",
        "fire_hydrant:type": "pillar"
      },
      "geometry": {
        "type": "Point",
        "coordinates": [
          9.8526942,
          47.4618931
        ]
      },
      "id": "node/11012702879"
    },
    {
      "type": "Feature",
      "properties": {
        "@id": "node/11012702880",
        "emergency": "fire_hydrant",
        "fire_hydrant:type": "pillar"
      },
      "geometry": {
        "type": "Point",
        "coordinates": [
          9.9611181,
          47.5099906
        ]
      },
      "id": "node/11012702880"
    },
    {
      "type": "Feature",
      "properties": {
        "@id": "node/11012702881",
        "emergency": "fire_hydrant",
        "fire_hydrant:type": "pillar"
      },
      "geometry": {
        "type": "Point",
        "coordinates": [
          9.9273284,
          47.4321415
        ]
      },
      "id": "node/11012702881"
    },
    {
      "type": "Feature",
      "properties": {
        "@id": "node/11012702882",
        "emergency": "fire_hydrant",
        "fire_hydrant:type": "pillar"
      },
      "geometry": {
        "type": "Point",
        "coordinates": [
          9.9260118,
          47.4791559
        ]
      },
      "id": "node/11012702882"
    },
    {
      "type": "Feature",
      "properties": {
        "@id": "node/11012702883",
        "emergency": "fire_hydrant",
        "fire_hydrant:type": "pillar"
      },
      "geometry": {
        "type": "Point",
        "coordinates": [
          9.9171084,
          47.4507206
        ]
      },
      "id": "node/11012702883"
    },
    {
      "type": "Feature",
      "properties": {
        "@id": "node/11012702884",
        "emergency": "fire_hydrant",
        "fire_hydrant:type": "pillar"
      },
      "geometry": {
        "type": "Point",
        "coordinates": [
          9.9666068,
          47.4556908
        ]
      },
      "id": "node/11012702884"
    },
    {
      "type": "Feature",
      "properties": {
        "@id": "node/11012702885",
        "emergency": "fire_hydrant",
        "fire_hydrant:type": "pillar"
      },
      "geometry": {
        "type": "Point",
        "coordinates": [
          9.8736978,
          47.4981523
        ]
      },
      "id": "node/11012702885"
    },
    {
      "type": "Feature",
      "properties": {
        "@id": "node/11012702887",
        "emergency": "fire_hydrant",
        "fire_hydrant:type": "pillar"
      },
      "geometry": {
        "type": "Point",
        "coordinates": [
          9.862961,
          47.4565353
        ]
      },
      "id": "node/11012702887"
    },
    {
      "type": "Feature",
      "properties": {
        "@id": "node/11012702889",
        "emergency": "fire_hydrant",
        "fire_hydrant:type": "pillar"
      },
      "geometry": {
        "type": "Point",
        "coordinates": [
          9.900968,
          47.4454043
        ]
      },
      "id": "node/11012702889"
    },
    {
      "type": "Feature",
      "properties": {
        "@id": "node/11012702891",
        "emergency": "fire_hydrant",
        "fire_hydrant:type": "pillar"
      },
      "geometry": {
        "type": "Point",
        "coordinates": [
          9.8927017,
          47.4578219
        ]
      },
      "id": "node/11012702891"
    },
    {
      "type": "Feature",
      "properties": {
        "@id": "node/11012702897",
        "emergency": "fire_hydrant",
        "fire_hydrant:type": "pillar"
      },
      "geometry": {
        "type": "Point",
        "coordinates": [
          9.9143061,
          47.5225959
        ]
      },
      "id": "node/11012702897"
    },
    {
      "type": "Feature",
      "properties": {
        "@id": "node/11012702898",
        "emergency": "fire_hydrant",
        "fire_hydrant:type": "pillar"
      },
      "geometry": {
        "type": "Point",
        "coordinates": [
          9.8819484,
          47.4637499
        ]
      },
      "id": "node/11012702898"
    },
    {
      "type": "Feature",
      "properties": {
        "@id": "node/11012702899",
        "emergency": "fire_hydrant",
        "fire_hydrant:type": "pillar"
      },
      "geometry": {
        "type": "Point",
        "coordinates": [
          9.8266356,
          47.4457918
        ]
      },
      "id": "node/11012702899"
    },
    {
      "type": "Feature",
      "properties": {
        "@id": "node/11380307020",
        "emergency": "fire_hydrant",
        "fire_hydrant:position": "green",
        "fire_hydrant:pressure": "yes",
        "fire_hydrant:type": "pillar",
        "ref": "237"
      },
      "geometry": {
        "type": "Point",
        "coordinates": [
          8.689032,
          47.3033835
        ]
      },
      "id": "node/11380307020"
    },
    {
      "type": "Feature",
      "properties": {
        "@id": "node/11380307021",
        "emergency": "fire_hydrant",
        "fire_hydrant:position": "green",
        "fire_hydrant:pressure": "yes",
        "fire_hydrant:type": "pillar",
        "ref": "242"
      },
      "geometry": {
        "type": "Point",
        "coordinates": [
          8.6891233,
          47.303143
        ]
      },
      "id": "node/11380307021"
    },
    {
      "type": "Feature",
      "properties": {
        "@id": "node/11449290613",
        "couplings": "2",
        "emergency": "fire_hydrant",
        "fire_hydrant:type": "pillar",
        "ref": "297"
      },
      "geometry": {
        "type": "Point",
        "coordinates": [
          8.6902002,
          47.2952087
        ]
      },
      "id": "node/11449290613"
    },
    {
      "type": "Feature",
      "properties": {
        "@id": "node/11758914867",
        "emergency": "fire_hydrant",
        "fire_hydrant:diameter": "75",
        "fire_hydrant:type": "pillar",
        "ref": "258"
      },
      "geometry": {
        "type": "Point",
        "coordinates": [
          8.6900952,
          47.3009037
        ]
      },
      "id": "node/11758914867"
    },
    {
      "type": "Feature",
      "properties": {
        "@id": "node/12052842722",
        "emergency": "fire_hydrant"
      },
      "geometry": {
        "type": "Point",
        "coordinates": [
          8.6606118,
          47.3064782
        ]
      },
      "id": "node/12052842722"
    },
    {
      "type": "Feature",
      "properties": {
        "@id": "node/12766571900",
        "colour": "blue",
        "emergency": "fire_hydrant",
        "source": "survey 04.2025 and Vogis 2022"
      },
      "geometry": {
        "type": "Point",
        "coordinates": [
          9.8975766,
          47.4318684
        ]
      },
      "id": "node/12766571900"
    }
  ]
}